{
  "source_files": [
    "results/galaxy_prediction_output_original.tsv",
    "dataset/experiment_1/Chowell_test_Response.tsv"
  ],
  "transformation_type": "evaluation-derived metrics from Galaxy class predictions and provided test labels",
  "metrics": {
    "Accuracy": 0.8058252427184466,
    "Precision": 0.7872340425531915,
    "Recall": 0.29133858267716534,
    "Specificity": 0.9742268041237113,
    "F1-Score": 0.425287356321839,
    "MCC": 0.3974818817518351,
    "TP": 37,
    "TN": 378,
    "FP": 10,
    "FN": 90
  }
}