analysis	stratum	p_value	n
chi_by_patients_seen	1-50	0.07271957673571618	106
chi_by_patients_seen	51-100	0.3748056703355794	33
chi_by_patients_seen	>100	0.4033338357242946	9
chi_expect_interact_yes	Yes	0.17318972046936074	101
chi_patients_seen_over_100	>100	0.4033338357242946	9
chi_patients_seen_1_50	1-50	0.07271957673571618	106
