benchmark,task,run_id,model,replicate,trace_format,parse_error,n_mcp,expected_n_mcp,n_extract_fail,expected_n_mcp_fail,n_salvaged,run_outage_sig,diag_unparsable_lines,diag_stderr_rejected_mcp_attempts,diag_unparsable_lines_with_mcp,diag_truncated_mcp_completed_fragments,diag_shell_outputs_with_outage_sig
BixBench50,bix-11-q1,galaxy_codex_gpt_5_5_r1,codex_gpt_5_5,1,codex,,11,11,1,1,0,False,,,,,
BixBench50,bix-11-q1,galaxy_codex_gpt_5_5_r2,codex_gpt_5_5,2,codex,,10,10,2,2,0,False,,,,,
BixBench50,bix-11-q1,galaxy_codex_gpt_5_5_r3,codex_gpt_5_5,3,codex,,8,8,0,0,0,False,,,,,
BixBench50,bix-11-q1,galaxy_codex_gpt_5_6_luna_r1,codex_gpt_5_6_luna,1,codex,,14,14,1,1,0,False,,,,,
BixBench50,bix-11-q1,galaxy_codex_gpt_5_6_luna_r2,codex_gpt_5_6_luna,2,codex,,46,46,12,12,0,False,,,,,
BixBench50,bix-11-q1,galaxy_codex_gpt_5_6_luna_r3,codex_gpt_5_6_luna,3,codex,,22,22,2,2,0,False,,,,,
BixBench50,bix-11-q1,galaxy_codex_gpt_5_6_sol_r1,codex_gpt_5_6_sol,1,codex,,17,17,1,1,0,False,,,,,
BixBench50,bix-11-q1,galaxy_codex_gpt_5_6_sol_r2,codex_gpt_5_6_sol,2,codex,,20,20,1,1,0,False,,,,,
BixBench50,bix-11-q1,galaxy_codex_gpt_5_6_sol_r3,codex_gpt_5_6_sol,3,codex,,12,12,0,0,0,False,,,,,
BixBench50,bix-11-q1,galaxy_deepseek_v4_pro_via_claude_code_superseded_r1,deepseek_v4_pro_via_claude_code_superseded,1,claude_code,,17,17,1,1,0,False,,,,,
BixBench50,bix-11-q1,galaxy_deepseek_v4_pro_via_claude_code_superseded_r2,deepseek_v4_pro_via_claude_code_superseded,2,claude_code,,26,26,3,3,0,False,,,,,
BixBench50,bix-11-q1,galaxy_deepseek_v4_pro_via_claude_code_superseded_r3,deepseek_v4_pro_via_claude_code_superseded,3,claude_code,,16,16,3,3,0,False,,,,,
BixBench50,bix-11-q1,galaxy_deepseek_v4_pro_via_codex_r1,deepseek_v4_pro_via_codex,1,codex,,38,38,2,2,0,False,1.0,,,,
BixBench50,bix-11-q1,galaxy_deepseek_v4_pro_via_codex_r2,deepseek_v4_pro_via_codex,2,codex,,25,25,6,6,0,False,1.0,,,,
BixBench50,bix-11-q1,galaxy_deepseek_v4_pro_via_codex_r3,deepseek_v4_pro_via_codex,3,codex,,32,32,8,8,0,False,1.0,,,,
BixBench50,bix-11-q2,galaxy_codex_gpt_5_5_r1,codex_gpt_5_5,1,codex,,9,9,0,0,0,False,,,,,
BixBench50,bix-11-q2,galaxy_codex_gpt_5_5_r2,codex_gpt_5_5,2,codex,,7,7,0,0,0,False,,,,,
BixBench50,bix-11-q2,galaxy_codex_gpt_5_5_r3,codex_gpt_5_5,3,codex,,7,7,1,1,0,False,,,,,
BixBench50,bix-11-q2,galaxy_codex_gpt_5_6_luna_r1,codex_gpt_5_6_luna,1,codex,,60,60,14,14,0,False,,,,,
BixBench50,bix-11-q2,galaxy_codex_gpt_5_6_luna_r2,codex_gpt_5_6_luna,2,codex,,35,35,0,0,0,False,,,,,
BixBench50,bix-11-q2,galaxy_codex_gpt_5_6_luna_r3,codex_gpt_5_6_luna,3,codex,,53,53,3,3,0,False,,,,,
BixBench50,bix-11-q2,galaxy_codex_gpt_5_6_sol_r1,codex_gpt_5_6_sol,1,codex,,12,12,1,1,0,False,,,,,
BixBench50,bix-11-q2,galaxy_codex_gpt_5_6_sol_r2,codex_gpt_5_6_sol,2,codex,,11,11,1,1,0,False,,,,,
BixBench50,bix-11-q2,galaxy_codex_gpt_5_6_sol_r3,codex_gpt_5_6_sol,3,codex,,12,12,0,0,0,False,,,,,
BixBench50,bix-11-q2,galaxy_deepseek_v4_pro_via_claude_code_superseded_r1,deepseek_v4_pro_via_claude_code_superseded,1,claude_code,,18,18,2,2,0,False,,,,,
BixBench50,bix-11-q2,galaxy_deepseek_v4_pro_via_claude_code_superseded_r2,deepseek_v4_pro_via_claude_code_superseded,2,claude_code,,16,16,4,4,0,False,,,,,
BixBench50,bix-11-q2,galaxy_deepseek_v4_pro_via_claude_code_superseded_r3,deepseek_v4_pro_via_claude_code_superseded,3,claude_code,,15,15,2,2,0,False,,,,,
BixBench50,bix-11-q2,galaxy_deepseek_v4_pro_via_codex_r1,deepseek_v4_pro_via_codex,1,codex,,15,15,0,0,0,False,1.0,,,,
BixBench50,bix-11-q2,galaxy_deepseek_v4_pro_via_codex_r2,deepseek_v4_pro_via_codex,2,codex,,21,21,3,3,0,False,1.0,,,,
BixBench50,bix-11-q2,galaxy_deepseek_v4_pro_via_codex_r3,deepseek_v4_pro_via_codex,3,codex,,20,20,3,3,0,False,1.0,,,,
BixBench50,bix-12-q2,galaxy_codex_gpt_5_5_r1,codex_gpt_5_5,1,codex,,6,6,0,0,0,False,,,,,
BixBench50,bix-12-q2,galaxy_codex_gpt_5_5_r2,codex_gpt_5_5,2,codex,,9,9,0,0,0,False,,,,,
BixBench50,bix-12-q2,galaxy_codex_gpt_5_5_r3,codex_gpt_5_5,3,codex,,7,7,0,0,0,False,,,,,
BixBench50,bix-12-q2,galaxy_codex_gpt_5_6_luna_r1,codex_gpt_5_6_luna,1,codex,,70,70,5,5,0,False,,,,,
BixBench50,bix-12-q2,galaxy_codex_gpt_5_6_luna_r2,codex_gpt_5_6_luna,2,codex,,55,55,6,6,0,False,,,,,
BixBench50,bix-12-q2,galaxy_codex_gpt_5_6_luna_r3,codex_gpt_5_6_luna,3,codex,,35,35,1,1,0,False,,,,,
BixBench50,bix-12-q2,galaxy_codex_gpt_5_6_sol_r1,codex_gpt_5_6_sol,1,codex,,15,15,1,1,0,False,,,,,
BixBench50,bix-12-q2,galaxy_codex_gpt_5_6_sol_r2,codex_gpt_5_6_sol,2,codex,,15,15,2,2,0,False,,,,,
BixBench50,bix-12-q2,galaxy_codex_gpt_5_6_sol_r3,codex_gpt_5_6_sol,3,codex,,46,46,2,2,0,False,,,,,
BixBench50,bix-12-q2,galaxy_deepseek_v4_pro_via_claude_code_superseded_r1,deepseek_v4_pro_via_claude_code_superseded,1,claude_code,,14,14,2,2,0,False,,,,,
BixBench50,bix-12-q2,galaxy_deepseek_v4_pro_via_claude_code_superseded_r2,deepseek_v4_pro_via_claude_code_superseded,2,claude_code,,14,14,2,2,0,False,,,,,
BixBench50,bix-12-q2,galaxy_deepseek_v4_pro_via_claude_code_superseded_r3,deepseek_v4_pro_via_claude_code_superseded,3,claude_code,,13,13,1,1,0,False,,,,,
BixBench50,bix-12-q2,galaxy_deepseek_v4_pro_via_codex_r1,deepseek_v4_pro_via_codex,1,codex,,38,38,2,2,0,False,2.0,,,,
BixBench50,bix-12-q2,galaxy_deepseek_v4_pro_via_codex_r2,deepseek_v4_pro_via_codex,2,codex,,57,57,8,8,0,False,1.0,,,,
BixBench50,bix-12-q2,galaxy_deepseek_v4_pro_via_codex_r3,deepseek_v4_pro_via_codex,3,codex,,49,49,4,4,0,False,1.0,,,,
BixBench50,bix-12-q4,galaxy_codex_gpt_5_5_r1,codex_gpt_5_5,1,codex,,7,7,0,0,0,False,,,,,
BixBench50,bix-12-q4,galaxy_codex_gpt_5_5_r2,codex_gpt_5_5,2,codex,,9,9,0,0,0,False,,,,,
BixBench50,bix-12-q4,galaxy_codex_gpt_5_5_r3,codex_gpt_5_5,3,codex,,12,12,1,1,0,False,,,,,
BixBench50,bix-12-q4,galaxy_codex_gpt_5_6_luna_r1,codex_gpt_5_6_luna,1,codex,,46,46,13,13,0,False,,,,,
BixBench50,bix-12-q4,galaxy_codex_gpt_5_6_luna_r2,codex_gpt_5_6_luna,2,codex,,36,36,2,2,0,False,,,,,
BixBench50,bix-12-q4,galaxy_codex_gpt_5_6_luna_r3,codex_gpt_5_6_luna,3,codex,,38,38,5,5,0,False,,,,,
BixBench50,bix-12-q4,galaxy_codex_gpt_5_6_sol_r1,codex_gpt_5_6_sol,1,codex,,14,14,4,4,0,False,,,,,
BixBench50,bix-12-q4,galaxy_codex_gpt_5_6_sol_r2,codex_gpt_5_6_sol,2,codex,,56,56,2,2,0,False,,,,,
BixBench50,bix-12-q4,galaxy_codex_gpt_5_6_sol_r3,codex_gpt_5_6_sol,3,codex,,22,22,2,2,0,False,,,,,
BixBench50,bix-12-q4,galaxy_deepseek_v4_pro_via_claude_code_superseded_r1,deepseek_v4_pro_via_claude_code_superseded,1,claude_code,,25,25,7,7,0,False,,,,,
BixBench50,bix-12-q4,galaxy_deepseek_v4_pro_via_claude_code_superseded_r2,deepseek_v4_pro_via_claude_code_superseded,2,claude_code,,19,19,6,6,0,False,,,,,
BixBench50,bix-12-q4,galaxy_deepseek_v4_pro_via_claude_code_superseded_r3,deepseek_v4_pro_via_claude_code_superseded,3,claude_code,,37,37,6,6,0,False,,,,,
BixBench50,bix-12-q4,galaxy_deepseek_v4_pro_via_codex_r1,deepseek_v4_pro_via_codex,1,codex,,43,43,8,8,0,False,12.0,,,,
BixBench50,bix-12-q4,galaxy_deepseek_v4_pro_via_codex_r2,deepseek_v4_pro_via_codex,2,codex,,39,39,8,8,0,False,2.0,,,,
BixBench50,bix-12-q4,galaxy_deepseek_v4_pro_via_codex_r3,deepseek_v4_pro_via_codex,3,codex,,42,42,5,5,0,False,1.0,,,,
BixBench50,bix-12-q5,galaxy_codex_gpt_5_5_r1,codex_gpt_5_5,1,codex,,8,8,2,2,0,False,,,,,
BixBench50,bix-12-q5,galaxy_codex_gpt_5_5_r2,codex_gpt_5_5,2,codex,,8,8,1,1,0,False,,,,,
BixBench50,bix-12-q5,galaxy_codex_gpt_5_5_r3,codex_gpt_5_5,3,codex,,10,10,0,0,0,False,,,,,
BixBench50,bix-12-q5,galaxy_codex_gpt_5_6_luna_r1,codex_gpt_5_6_luna,1,codex,,28,28,6,6,0,False,,,,,
BixBench50,bix-12-q5,galaxy_codex_gpt_5_6_luna_r2,codex_gpt_5_6_luna,2,codex,,41,41,6,6,0,False,,,,,
BixBench50,bix-12-q5,galaxy_codex_gpt_5_6_luna_r3,codex_gpt_5_6_luna,3,codex,,36,36,3,3,0,False,,,,,
BixBench50,bix-12-q5,galaxy_codex_gpt_5_6_sol_r1,codex_gpt_5_6_sol,1,codex,,15,15,0,0,0,False,,,,,
BixBench50,bix-12-q5,galaxy_codex_gpt_5_6_sol_r2,codex_gpt_5_6_sol,2,codex,,34,34,2,2,0,False,,,,,
BixBench50,bix-12-q5,galaxy_codex_gpt_5_6_sol_r3,codex_gpt_5_6_sol,3,codex,,18,18,4,4,0,False,,,,,
BixBench50,bix-12-q5,galaxy_deepseek_v4_pro_via_claude_code_superseded_r1,deepseek_v4_pro_via_claude_code_superseded,1,claude_code,,19,19,3,3,0,False,,,,,
BixBench50,bix-12-q5,galaxy_deepseek_v4_pro_via_claude_code_superseded_r2,deepseek_v4_pro_via_claude_code_superseded,2,claude_code,,15,15,3,3,0,False,,,,,
BixBench50,bix-12-q5,galaxy_deepseek_v4_pro_via_claude_code_superseded_r3,deepseek_v4_pro_via_claude_code_superseded,3,claude_code,,20,20,4,4,0,False,,,,,
BixBench50,bix-12-q5,galaxy_deepseek_v4_pro_via_codex_r1,deepseek_v4_pro_via_codex,1,codex,,25,25,3,3,0,False,1.0,,,,
BixBench50,bix-12-q5,galaxy_deepseek_v4_pro_via_codex_r2,deepseek_v4_pro_via_codex,2,codex,,46,46,5,5,0,False,1.0,,,,
BixBench50,bix-12-q5,galaxy_deepseek_v4_pro_via_codex_r3,deepseek_v4_pro_via_codex,3,codex,,24,24,0,0,0,False,1.0,,,,
BixBench50,bix-12-q6,galaxy_codex_gpt_5_5_r1,codex_gpt_5_5,1,codex,,7,7,0,0,0,False,,,,,
BixBench50,bix-12-q6,galaxy_codex_gpt_5_5_r2,codex_gpt_5_5,2,codex,,9,9,1,1,0,False,,,,,
BixBench50,bix-12-q6,galaxy_codex_gpt_5_5_r3,codex_gpt_5_5,3,codex,,10,10,1,1,0,False,,,,,
BixBench50,bix-12-q6,galaxy_codex_gpt_5_6_luna_r1,codex_gpt_5_6_luna,1,codex,,54,54,8,8,0,False,,,,,
BixBench50,bix-12-q6,galaxy_codex_gpt_5_6_luna_r2,codex_gpt_5_6_luna,2,codex,,37,37,0,0,0,False,,,,,
BixBench50,bix-12-q6,galaxy_codex_gpt_5_6_luna_r3,codex_gpt_5_6_luna,3,codex,,33,33,4,4,0,False,,,,,
BixBench50,bix-12-q6,galaxy_codex_gpt_5_6_sol_r1,codex_gpt_5_6_sol,1,codex,,37,37,3,3,0,False,,,,,
BixBench50,bix-12-q6,galaxy_codex_gpt_5_6_sol_r2,codex_gpt_5_6_sol,2,codex,,9,9,0,0,0,False,,,,,
BixBench50,bix-12-q6,galaxy_codex_gpt_5_6_sol_r3,codex_gpt_5_6_sol,3,codex,,49,49,2,2,0,False,,,,,
BixBench50,bix-12-q6,galaxy_deepseek_v4_pro_via_claude_code_superseded_r1,deepseek_v4_pro_via_claude_code_superseded,1,claude_code,,25,25,6,6,0,False,,,,,
BixBench50,bix-12-q6,galaxy_deepseek_v4_pro_via_claude_code_superseded_r2,deepseek_v4_pro_via_claude_code_superseded,2,claude_code,,21,21,4,4,0,False,,,,,
BixBench50,bix-12-q6,galaxy_deepseek_v4_pro_via_claude_code_superseded_r3,deepseek_v4_pro_via_claude_code_superseded,3,claude_code,,20,20,4,4,0,False,,,,,
BixBench50,bix-12-q6,galaxy_deepseek_v4_pro_via_codex_r1,deepseek_v4_pro_via_codex,1,codex,,82,82,12,12,0,False,1.0,,,,
BixBench50,bix-12-q6,galaxy_deepseek_v4_pro_via_codex_r2,deepseek_v4_pro_via_codex,2,codex,,41,41,5,5,0,False,2.0,,,,
BixBench50,bix-12-q6,galaxy_deepseek_v4_pro_via_codex_r3,deepseek_v4_pro_via_codex,3,codex,,63,63,6,6,0,False,1.0,,,,
BixBench50,bix-14-q1,galaxy_codex_gpt_5_5_r1,codex_gpt_5_5,1,codex,,11,11,3,3,0,False,,,,,
BixBench50,bix-14-q1,galaxy_codex_gpt_5_5_r2,codex_gpt_5_5,2,codex,,5,5,0,0,0,False,,,,,
BixBench50,bix-14-q1,galaxy_codex_gpt_5_5_r3,codex_gpt_5_5,3,codex,,10,10,1,1,0,False,,,,,
BixBench50,bix-14-q1,galaxy_codex_gpt_5_6_luna_r1,codex_gpt_5_6_luna,1,codex,,182,182,18,18,0,False,,,,,
BixBench50,bix-14-q1,galaxy_codex_gpt_5_6_luna_r2,codex_gpt_5_6_luna,2,codex,,56,56,7,7,0,False,,,,,
BixBench50,bix-14-q1,galaxy_codex_gpt_5_6_luna_r3,codex_gpt_5_6_luna,3,codex,,93,93,4,4,0,False,,,,,
BixBench50,bix-14-q1,galaxy_codex_gpt_5_6_sol_r1,codex_gpt_5_6_sol,1,codex,,9,9,3,3,0,False,,,,,
BixBench50,bix-14-q1,galaxy_codex_gpt_5_6_sol_r2,codex_gpt_5_6_sol,2,codex,,73,73,1,1,0,False,,,,,
BixBench50,bix-14-q1,galaxy_codex_gpt_5_6_sol_r3,codex_gpt_5_6_sol,3,codex,,42,42,0,0,0,False,,,,,
BixBench50,bix-14-q1,galaxy_deepseek_v4_pro_via_claude_code_superseded_r1,deepseek_v4_pro_via_claude_code_superseded,1,claude_code,,28,28,4,4,0,False,,,,,
BixBench50,bix-14-q1,galaxy_deepseek_v4_pro_via_claude_code_superseded_r2,deepseek_v4_pro_via_claude_code_superseded,2,claude_code,,18,18,3,3,0,False,,,,,
BixBench50,bix-14-q1,galaxy_deepseek_v4_pro_via_claude_code_superseded_r3,deepseek_v4_pro_via_claude_code_superseded,3,claude_code,,14,14,3,3,0,False,,,,,
BixBench50,bix-14-q1,galaxy_deepseek_v4_pro_via_codex_r1,deepseek_v4_pro_via_codex,1,codex,,1,1,0,0,0,False,131.0,,,,
BixBench50,bix-14-q1,galaxy_deepseek_v4_pro_via_codex_r2,deepseek_v4_pro_via_codex,2,codex,,2,2,0,0,0,False,1.0,,,,
BixBench50,bix-14-q1,galaxy_deepseek_v4_pro_via_codex_r3,deepseek_v4_pro_via_codex,3,codex,,2,2,0,0,0,False,1.0,,,,
BixBench50,bix-16-q1,galaxy_codex_gpt_5_5_r1,codex_gpt_5_5,1,codex,,4,4,0,0,0,False,,,,,
BixBench50,bix-16-q1,galaxy_codex_gpt_5_5_r2,codex_gpt_5_5,2,codex,,4,4,0,0,0,False,,,,,
BixBench50,bix-16-q1,galaxy_codex_gpt_5_5_r3,codex_gpt_5_5,3,codex,,5,5,0,0,0,False,,,,,
BixBench50,bix-16-q1,galaxy_codex_gpt_5_6_luna_r1,codex_gpt_5_6_luna,1,codex,,10,10,0,0,0,False,,,,,
BixBench50,bix-16-q1,galaxy_codex_gpt_5_6_luna_r2,codex_gpt_5_6_luna,2,codex,,11,11,2,2,0,False,,,,,
BixBench50,bix-16-q1,galaxy_codex_gpt_5_6_luna_r3,codex_gpt_5_6_luna,3,codex,,10,10,1,1,0,False,,,,,
BixBench50,bix-16-q1,galaxy_codex_gpt_5_6_sol_r1,codex_gpt_5_6_sol,1,codex,,9,9,1,1,0,False,,,,,
BixBench50,bix-16-q1,galaxy_codex_gpt_5_6_sol_r2,codex_gpt_5_6_sol,2,codex,,7,7,1,1,0,False,,,,,
BixBench50,bix-16-q1,galaxy_codex_gpt_5_6_sol_r3,codex_gpt_5_6_sol,3,codex,,10,10,1,1,0,False,,,,,
BixBench50,bix-16-q1,galaxy_deepseek_v4_pro_via_claude_code_superseded_r1,deepseek_v4_pro_via_claude_code_superseded,1,claude_code,,19,19,5,5,0,False,,,,,
BixBench50,bix-16-q1,galaxy_deepseek_v4_pro_via_claude_code_superseded_r2,deepseek_v4_pro_via_claude_code_superseded,2,claude_code,,9,9,4,4,0,False,,,,,
BixBench50,bix-16-q1,galaxy_deepseek_v4_pro_via_claude_code_superseded_r3,deepseek_v4_pro_via_claude_code_superseded,3,claude_code,,8,8,4,4,0,False,,,,,
BixBench50,bix-16-q1,galaxy_deepseek_v4_pro_via_codex_r1,deepseek_v4_pro_via_codex,1,codex,,1,1,0,0,0,False,1.0,,,,
BixBench50,bix-16-q1,galaxy_deepseek_v4_pro_via_codex_r2,deepseek_v4_pro_via_codex,2,codex,,0,0,0,0,0,False,1.0,,,,
BixBench50,bix-16-q1,galaxy_deepseek_v4_pro_via_codex_r3,deepseek_v4_pro_via_codex,3,codex,,1,1,0,0,0,False,1.0,,,,
BixBench50,bix-16-q3,galaxy_codex_gpt_5_5_r1,codex_gpt_5_5,1,codex,,4,4,0,0,0,False,,,,,
BixBench50,bix-16-q3,galaxy_codex_gpt_5_5_r2,codex_gpt_5_5,2,codex,,5,5,0,0,0,False,,,,,
BixBench50,bix-16-q3,galaxy_codex_gpt_5_5_r3,codex_gpt_5_5,3,codex,,5,5,0,0,0,False,,,,,
BixBench50,bix-16-q3,galaxy_codex_gpt_5_6_luna_r1,codex_gpt_5_6_luna,1,codex,,41,41,11,11,0,False,,,,,
BixBench50,bix-16-q3,galaxy_codex_gpt_5_6_luna_r2,codex_gpt_5_6_luna,2,codex,,7,7,1,1,0,False,,,,,
BixBench50,bix-16-q3,galaxy_codex_gpt_5_6_luna_r3,codex_gpt_5_6_luna,3,codex,,11,11,1,1,0,False,,,,,
BixBench50,bix-16-q3,galaxy_codex_gpt_5_6_sol_r1,codex_gpt_5_6_sol,1,codex,,8,8,1,1,0,False,,,,,
BixBench50,bix-16-q3,galaxy_codex_gpt_5_6_sol_r2,codex_gpt_5_6_sol,2,codex,,9,9,1,1,0,False,,,,,
BixBench50,bix-16-q3,galaxy_codex_gpt_5_6_sol_r3,codex_gpt_5_6_sol,3,codex,,8,8,1,1,0,False,,,,,
BixBench50,bix-16-q3,galaxy_deepseek_v4_pro_via_claude_code_superseded_r1,deepseek_v4_pro_via_claude_code_superseded,1,claude_code,,11,11,3,3,0,False,,,,,
BixBench50,bix-16-q3,galaxy_deepseek_v4_pro_via_claude_code_superseded_r2,deepseek_v4_pro_via_claude_code_superseded,2,claude_code,,12,12,5,5,0,False,,,,,
BixBench50,bix-16-q3,galaxy_deepseek_v4_pro_via_claude_code_superseded_r3,deepseek_v4_pro_via_claude_code_superseded,3,claude_code,,13,13,5,5,0,False,,,,,
BixBench50,bix-16-q3,galaxy_deepseek_v4_pro_via_codex_r1,deepseek_v4_pro_via_codex,1,codex,,1,1,0,0,0,False,29.0,,,,
BixBench50,bix-16-q3,galaxy_deepseek_v4_pro_via_codex_r2,deepseek_v4_pro_via_codex,2,codex,,0,0,0,0,0,False,1.0,,,,
BixBench50,bix-16-q3,galaxy_deepseek_v4_pro_via_codex_r3,deepseek_v4_pro_via_codex,3,codex,,1,1,0,0,0,False,1.0,,,,
BixBench50,bix-16-q4,galaxy_codex_gpt_5_5_r1,codex_gpt_5_5,1,codex,,5,5,0,0,0,False,,,,,
BixBench50,bix-16-q4,galaxy_codex_gpt_5_5_r2,codex_gpt_5_5,2,codex,,7,7,0,0,0,False,,,,,
BixBench50,bix-16-q4,galaxy_codex_gpt_5_5_r3,codex_gpt_5_5,3,codex,,7,7,0,0,0,False,,,,,
BixBench50,bix-16-q4,galaxy_codex_gpt_5_6_luna_r1,codex_gpt_5_6_luna,1,codex,,12,12,3,3,0,False,,,,,
BixBench50,bix-16-q4,galaxy_codex_gpt_5_6_luna_r2,codex_gpt_5_6_luna,2,codex,,12,12,2,2,0,False,,,,,
BixBench50,bix-16-q4,galaxy_codex_gpt_5_6_luna_r3,codex_gpt_5_6_luna,3,codex,,11,11,1,1,0,False,,,,,
BixBench50,bix-16-q4,galaxy_codex_gpt_5_6_sol_r1,codex_gpt_5_6_sol,1,codex,,8,8,0,0,0,False,,,,,
BixBench50,bix-16-q4,galaxy_codex_gpt_5_6_sol_r2,codex_gpt_5_6_sol,2,codex,,7,7,0,0,0,False,,,,,
BixBench50,bix-16-q4,galaxy_codex_gpt_5_6_sol_r3,codex_gpt_5_6_sol,3,codex,,8,8,1,1,0,False,,,,,
BixBench50,bix-16-q4,galaxy_deepseek_v4_pro_via_claude_code_superseded_r1,deepseek_v4_pro_via_claude_code_superseded,1,claude_code,,17,17,11,11,0,False,,,,,
BixBench50,bix-16-q4,galaxy_deepseek_v4_pro_via_claude_code_superseded_r2,deepseek_v4_pro_via_claude_code_superseded,2,claude_code,,8,8,4,4,0,False,,,,,
BixBench50,bix-16-q4,galaxy_deepseek_v4_pro_via_claude_code_superseded_r3,deepseek_v4_pro_via_claude_code_superseded,3,claude_code,,10,10,3,3,0,False,,,,,
BixBench50,bix-16-q4,galaxy_deepseek_v4_pro_via_codex_r1,deepseek_v4_pro_via_codex,1,codex,,1,1,0,0,0,False,1.0,,,,
BixBench50,bix-16-q4,galaxy_deepseek_v4_pro_via_codex_r2,deepseek_v4_pro_via_codex,2,codex,,2,2,0,0,0,False,1.0,,,,
BixBench50,bix-16-q4,galaxy_deepseek_v4_pro_via_codex_r3,deepseek_v4_pro_via_codex,3,codex,,2,2,0,0,0,False,1.0,,,,
BixBench50,bix-17-q2,galaxy_codex_gpt_5_5_r1,codex_gpt_5_5,1,codex,,11,11,1,1,0,False,,,,,
BixBench50,bix-17-q2,galaxy_codex_gpt_5_5_r2,codex_gpt_5_5,2,codex,,6,6,0,0,0,False,,,,,
BixBench50,bix-17-q2,galaxy_codex_gpt_5_5_r3,codex_gpt_5_5,3,codex,,7,7,0,0,0,False,,,,,
BixBench50,bix-17-q2,galaxy_codex_gpt_5_6_luna_r1,codex_gpt_5_6_luna,1,codex,,117,117,5,5,0,False,,,,,
BixBench50,bix-17-q2,galaxy_codex_gpt_5_6_luna_r2,codex_gpt_5_6_luna,2,codex,,357,357,16,16,0,False,,,,,
BixBench50,bix-17-q2,galaxy_codex_gpt_5_6_luna_r3,codex_gpt_5_6_luna,3,codex,,35,35,1,1,0,False,,,,,
BixBench50,bix-17-q2,galaxy_codex_gpt_5_6_sol_r1,codex_gpt_5_6_sol,1,codex,,13,13,2,2,0,False,,,,,
BixBench50,bix-17-q2,galaxy_codex_gpt_5_6_sol_r2,codex_gpt_5_6_sol,2,codex,,19,19,9,9,0,False,,,,,
BixBench50,bix-17-q2,galaxy_codex_gpt_5_6_sol_r3,codex_gpt_5_6_sol,3,codex,,10,10,3,3,0,False,,,,,
BixBench50,bix-17-q2,galaxy_deepseek_v4_pro_via_claude_code_superseded_r1,deepseek_v4_pro_via_claude_code_superseded,1,claude_code,,29,29,7,7,0,False,,,,,
BixBench50,bix-17-q2,galaxy_deepseek_v4_pro_via_claude_code_superseded_r2,deepseek_v4_pro_via_claude_code_superseded,2,claude_code,,73,73,1,1,0,False,,,,,
BixBench50,bix-17-q2,galaxy_deepseek_v4_pro_via_claude_code_superseded_r3,deepseek_v4_pro_via_claude_code_superseded,3,claude_code,,25,25,2,2,0,False,,,,,
BixBench50,bix-17-q2,galaxy_deepseek_v4_pro_via_codex_r1,deepseek_v4_pro_via_codex,1,codex,,1,1,0,0,0,False,139.0,,,,
BixBench50,bix-17-q2,galaxy_deepseek_v4_pro_via_codex_r2,deepseek_v4_pro_via_codex,2,codex,,2,2,0,0,0,False,1.0,,,,
BixBench50,bix-17-q2,galaxy_deepseek_v4_pro_via_codex_r3,deepseek_v4_pro_via_codex,3,codex,,2,2,0,0,0,False,1.0,,,,
BixBench50,bix-18-q1,galaxy_codex_gpt_5_5_r1,codex_gpt_5_5,1,codex,,8,8,0,0,0,False,,,,,
BixBench50,bix-18-q1,galaxy_codex_gpt_5_5_r2,codex_gpt_5_5,2,codex,,8,8,0,0,0,False,,,,,
BixBench50,bix-18-q1,galaxy_codex_gpt_5_5_r3,codex_gpt_5_5,3,codex,,10,10,1,1,0,False,,,,,
BixBench50,bix-18-q1,galaxy_codex_gpt_5_6_luna_r1,codex_gpt_5_6_luna,1,codex,,19,19,2,2,0,False,,,,,
BixBench50,bix-18-q1,galaxy_codex_gpt_5_6_luna_r2,codex_gpt_5_6_luna,2,codex,,22,22,4,4,0,False,,,,,
BixBench50,bix-18-q1,galaxy_codex_gpt_5_6_luna_r3,codex_gpt_5_6_luna,3,codex,,30,30,1,1,0,False,,,,,
BixBench50,bix-18-q1,galaxy_codex_gpt_5_6_sol_r1,codex_gpt_5_6_sol,1,codex,,19,19,2,2,0,False,,,,,
BixBench50,bix-18-q1,galaxy_codex_gpt_5_6_sol_r2,codex_gpt_5_6_sol,2,codex,,12,12,0,0,0,False,,,,,
BixBench50,bix-18-q1,galaxy_codex_gpt_5_6_sol_r3,codex_gpt_5_6_sol,3,codex,,16,16,1,1,0,False,,,,,
BixBench50,bix-18-q1,galaxy_deepseek_v4_pro_via_claude_code_superseded_r1,deepseek_v4_pro_via_claude_code_superseded,1,claude_code,,10,10,1,1,0,False,,,,,
BixBench50,bix-18-q1,galaxy_deepseek_v4_pro_via_claude_code_superseded_r2,deepseek_v4_pro_via_claude_code_superseded,2,claude_code,,15,15,2,2,0,False,,,,,
BixBench50,bix-18-q1,galaxy_deepseek_v4_pro_via_claude_code_superseded_r3,deepseek_v4_pro_via_claude_code_superseded,3,claude_code,,14,14,5,5,0,False,,,,,
BixBench50,bix-18-q1,galaxy_deepseek_v4_pro_via_codex_r1,deepseek_v4_pro_via_codex,1,codex,,15,15,0,0,0,False,1.0,,,,
BixBench50,bix-18-q1,galaxy_deepseek_v4_pro_via_codex_r2,deepseek_v4_pro_via_codex,2,codex,,28,28,4,4,0,False,1.0,,,,
BixBench50,bix-18-q1,galaxy_deepseek_v4_pro_via_codex_r3,deepseek_v4_pro_via_codex,3,codex,,25,25,2,2,0,False,4.0,3.0,,,
BixBench50,bix-18-q3,galaxy_codex_gpt_5_5_r1,codex_gpt_5_5,1,codex,,16,16,0,0,0,False,,,,,
BixBench50,bix-18-q3,galaxy_codex_gpt_5_5_r2,codex_gpt_5_5,2,codex,,10,10,0,0,0,False,,,,,
BixBench50,bix-18-q3,galaxy_codex_gpt_5_5_r3,codex_gpt_5_5,3,codex,,13,13,1,1,0,False,,,,,
BixBench50,bix-18-q3,galaxy_codex_gpt_5_6_luna_r1,codex_gpt_5_6_luna,1,codex,,34,34,1,1,0,False,,,,,
BixBench50,bix-18-q3,galaxy_codex_gpt_5_6_luna_r2,codex_gpt_5_6_luna,2,codex,,35,35,0,0,0,False,,,,,
BixBench50,bix-18-q3,galaxy_codex_gpt_5_6_luna_r3,codex_gpt_5_6_luna,3,codex,,37,37,2,2,0,False,,,,,
BixBench50,bix-18-q3,galaxy_codex_gpt_5_6_sol_r1,codex_gpt_5_6_sol,1,codex,,28,28,0,0,0,False,,,,,
BixBench50,bix-18-q3,galaxy_codex_gpt_5_6_sol_r2,codex_gpt_5_6_sol,2,codex,,10,10,1,1,0,False,,,,,
BixBench50,bix-18-q3,galaxy_codex_gpt_5_6_sol_r3,codex_gpt_5_6_sol,3,codex,,11,11,0,0,0,False,,,,,
BixBench50,bix-18-q3,galaxy_deepseek_v4_pro_via_claude_code_superseded_r1,deepseek_v4_pro_via_claude_code_superseded,1,claude_code,,16,16,5,5,0,False,,,,,
BixBench50,bix-18-q3,galaxy_deepseek_v4_pro_via_claude_code_superseded_r2,deepseek_v4_pro_via_claude_code_superseded,2,claude_code,,13,13,2,2,0,False,,,,,
BixBench50,bix-18-q3,galaxy_deepseek_v4_pro_via_claude_code_superseded_r3,deepseek_v4_pro_via_claude_code_superseded,3,claude_code,,12,12,2,2,0,False,,,,,
BixBench50,bix-18-q3,galaxy_deepseek_v4_pro_via_codex_r1,deepseek_v4_pro_via_codex,1,codex,,31,31,4,4,0,False,1.0,,,,
BixBench50,bix-18-q3,galaxy_deepseek_v4_pro_via_codex_r2,deepseek_v4_pro_via_codex,2,codex,,28,28,1,1,0,False,3.0,,,,
BixBench50,bix-18-q3,galaxy_deepseek_v4_pro_via_codex_r3,deepseek_v4_pro_via_codex,3,codex,,23,23,1,1,0,False,1.0,,,,
BixBench50,bix-20-q3,galaxy_codex_gpt_5_5_r1,codex_gpt_5_5,1,codex,,6,6,2,2,0,False,,,,,
BixBench50,bix-20-q3,galaxy_codex_gpt_5_5_r2,codex_gpt_5_5,2,codex,,7,7,0,0,0,False,,,,,
BixBench50,bix-20-q3,galaxy_codex_gpt_5_5_r3,codex_gpt_5_5,3,codex,,6,6,0,0,0,False,,,,,
BixBench50,bix-20-q3,galaxy_codex_gpt_5_6_luna_r1,codex_gpt_5_6_luna,1,codex,,91,91,5,5,0,False,,,,,
BixBench50,bix-20-q3,galaxy_codex_gpt_5_6_luna_r2,codex_gpt_5_6_luna,2,codex,,29,29,2,2,0,False,,,,,
BixBench50,bix-20-q3,galaxy_codex_gpt_5_6_luna_r3,codex_gpt_5_6_luna,3,codex,,167,167,6,6,0,False,,,,,
BixBench50,bix-20-q3,galaxy_codex_gpt_5_6_sol_r1,codex_gpt_5_6_sol,1,codex,,75,75,1,1,0,False,,,,,
BixBench50,bix-20-q3,galaxy_codex_gpt_5_6_sol_r2,codex_gpt_5_6_sol,2,codex,,31,31,2,2,0,False,,,,,
BixBench50,bix-20-q3,galaxy_codex_gpt_5_6_sol_r3,codex_gpt_5_6_sol,3,codex,,9,9,1,1,0,False,,,,,
BixBench50,bix-20-q3,galaxy_deepseek_v4_pro_via_claude_code_superseded_r1,deepseek_v4_pro_via_claude_code_superseded,1,claude_code,,24,24,4,4,0,False,,,,,
BixBench50,bix-20-q3,galaxy_deepseek_v4_pro_via_claude_code_superseded_r2,deepseek_v4_pro_via_claude_code_superseded,2,claude_code,,53,53,3,3,0,False,,,,,
BixBench50,bix-20-q3,galaxy_deepseek_v4_pro_via_claude_code_superseded_r3,deepseek_v4_pro_via_claude_code_superseded,3,claude_code,,23,23,2,2,0,False,,,,,
BixBench50,bix-20-q3,galaxy_deepseek_v4_pro_via_codex_r1,deepseek_v4_pro_via_codex,1,codex,,2,2,0,0,0,False,16.0,,,,
BixBench50,bix-20-q3,galaxy_deepseek_v4_pro_via_codex_r2,deepseek_v4_pro_via_codex,2,codex,,2,2,0,0,0,False,1.0,,,,
BixBench50,bix-20-q3,galaxy_deepseek_v4_pro_via_codex_r3,deepseek_v4_pro_via_codex,3,codex,,2,2,0,0,0,False,7.0,,,,
BixBench50,bix-22-q1,galaxy_codex_gpt_5_5_r1,codex_gpt_5_5,1,codex,,5,5,0,0,0,False,,,,,
BixBench50,bix-22-q1,galaxy_codex_gpt_5_5_r2,codex_gpt_5_5,2,codex,,6,6,0,0,0,False,,,,,
BixBench50,bix-22-q1,galaxy_codex_gpt_5_5_r3,codex_gpt_5_5,3,codex,,9,9,3,3,0,False,,,,,
BixBench50,bix-22-q1,galaxy_codex_gpt_5_6_luna_r1,codex_gpt_5_6_luna,1,codex,,54,54,6,6,0,False,,,,,
BixBench50,bix-22-q1,galaxy_codex_gpt_5_6_luna_r2,codex_gpt_5_6_luna,2,codex,,50,50,10,10,0,False,,,,,
BixBench50,bix-22-q1,galaxy_codex_gpt_5_6_luna_r3,codex_gpt_5_6_luna,3,codex,,25,25,7,7,0,False,,,,,
BixBench50,bix-22-q1,galaxy_codex_gpt_5_6_sol_r1,codex_gpt_5_6_sol,1,codex,,7,7,1,1,0,False,,,,,
BixBench50,bix-22-q1,galaxy_codex_gpt_5_6_sol_r2,codex_gpt_5_6_sol,2,codex,,9,9,1,1,0,False,,,,,
BixBench50,bix-22-q1,galaxy_codex_gpt_5_6_sol_r3,codex_gpt_5_6_sol,3,codex,,9,9,0,0,0,False,,,,,
BixBench50,bix-22-q1,galaxy_deepseek_v4_pro_via_claude_code_superseded_r1,deepseek_v4_pro_via_claude_code_superseded,1,claude_code,,72,72,3,3,0,False,,,,,
BixBench50,bix-22-q1,galaxy_deepseek_v4_pro_via_claude_code_superseded_r2,deepseek_v4_pro_via_claude_code_superseded,2,claude_code,,62,62,10,10,0,False,,,,,
BixBench50,bix-22-q1,galaxy_deepseek_v4_pro_via_claude_code_superseded_r3,deepseek_v4_pro_via_claude_code_superseded,3,claude_code,,21,21,5,5,0,False,,,,,
BixBench50,bix-22-q1,galaxy_deepseek_v4_pro_via_codex_r1,deepseek_v4_pro_via_codex,1,codex,,147,147,15,15,0,False,1.0,,,,
BixBench50,bix-22-q1,galaxy_deepseek_v4_pro_via_codex_r2,deepseek_v4_pro_via_codex,2,codex,,107,107,7,7,0,False,1.0,,,,
BixBench50,bix-22-q1,galaxy_deepseek_v4_pro_via_codex_r3,deepseek_v4_pro_via_codex,3,codex,,75,75,5,5,0,False,1.0,,,,
BixBench50,bix-22-q4,galaxy_codex_gpt_5_5_r1,codex_gpt_5_5,1,codex,,5,5,0,0,0,False,,,,,
BixBench50,bix-22-q4,galaxy_codex_gpt_5_5_r2,codex_gpt_5_5,2,codex,,7,7,2,2,0,False,,,,,
BixBench50,bix-22-q4,galaxy_codex_gpt_5_5_r3,codex_gpt_5_5,3,codex,,5,5,0,0,0,False,,,,,
BixBench50,bix-22-q4,galaxy_codex_gpt_5_6_luna_r1,codex_gpt_5_6_luna,1,codex,,27,27,5,5,0,False,,,,,
BixBench50,bix-22-q4,galaxy_codex_gpt_5_6_luna_r2,codex_gpt_5_6_luna,2,codex,,47,47,4,4,0,False,,,,,
BixBench50,bix-22-q4,galaxy_codex_gpt_5_6_luna_r3,codex_gpt_5_6_luna,3,codex,,36,36,11,11,0,False,,,,,
BixBench50,bix-22-q4,galaxy_codex_gpt_5_6_sol_r1,codex_gpt_5_6_sol,1,codex,,38,38,3,3,0,False,,,,,
BixBench50,bix-22-q4,galaxy_codex_gpt_5_6_sol_r2,codex_gpt_5_6_sol,2,codex,,12,12,0,0,0,False,,,,,
BixBench50,bix-22-q4,galaxy_codex_gpt_5_6_sol_r3,codex_gpt_5_6_sol,3,codex,,8,8,1,1,0,False,,,,,
BixBench50,bix-22-q4,galaxy_deepseek_v4_pro_via_claude_code_superseded_r1,deepseek_v4_pro_via_claude_code_superseded,1,claude_code,,44,44,9,9,0,False,,,,,
BixBench50,bix-22-q4,galaxy_deepseek_v4_pro_via_claude_code_superseded_r2,deepseek_v4_pro_via_claude_code_superseded,2,claude_code,,40,40,4,4,0,False,,,,,
BixBench50,bix-22-q4,galaxy_deepseek_v4_pro_via_claude_code_superseded_r3,deepseek_v4_pro_via_claude_code_superseded,3,claude_code,,52,52,5,5,0,False,,,,,
BixBench50,bix-22-q4,galaxy_deepseek_v4_pro_via_codex_r1,deepseek_v4_pro_via_codex,1,codex,,56,56,7,7,0,False,1.0,,,,
BixBench50,bix-22-q4,galaxy_deepseek_v4_pro_via_codex_r2,deepseek_v4_pro_via_codex,2,codex,,62,62,3,3,0,False,1.0,,,,
BixBench50,bix-22-q4,galaxy_deepseek_v4_pro_via_codex_r3,deepseek_v4_pro_via_codex,3,codex,,47,47,8,8,0,False,1.0,,,,
BixBench50,bix-24-q2,galaxy_codex_gpt_5_5_r1,codex_gpt_5_5,1,codex,,9,9,0,0,0,False,,,,,
BixBench50,bix-24-q2,galaxy_codex_gpt_5_5_r2,codex_gpt_5_5,2,codex,,15,15,1,1,0,False,,,,,
BixBench50,bix-24-q2,galaxy_codex_gpt_5_5_r3,codex_gpt_5_5,3,codex,,15,15,0,0,0,False,,,,,
BixBench50,bix-24-q2,galaxy_codex_gpt_5_6_luna_r1,codex_gpt_5_6_luna,1,codex,,65,65,4,4,0,False,,,,,
BixBench50,bix-24-q2,galaxy_codex_gpt_5_6_luna_r2,codex_gpt_5_6_luna,2,codex,,83,83,12,12,0,False,,,,,
BixBench50,bix-24-q2,galaxy_codex_gpt_5_6_luna_r3,codex_gpt_5_6_luna,3,codex,,103,103,13,13,0,False,,,,,
BixBench50,bix-24-q2,galaxy_codex_gpt_5_6_sol_r1,codex_gpt_5_6_sol,1,codex,,38,38,1,1,0,False,,,,,
BixBench50,bix-24-q2,galaxy_codex_gpt_5_6_sol_r2,codex_gpt_5_6_sol,2,codex,,48,48,1,1,0,False,,,,,
BixBench50,bix-24-q2,galaxy_codex_gpt_5_6_sol_r3,codex_gpt_5_6_sol,3,codex,,28,28,1,1,0,False,,,,,
BixBench50,bix-24-q2,galaxy_deepseek_v4_pro_via_claude_code_superseded_r1,deepseek_v4_pro_via_claude_code_superseded,1,claude_code,,20,20,5,5,0,False,,,,,
BixBench50,bix-24-q2,galaxy_deepseek_v4_pro_via_claude_code_superseded_r2,deepseek_v4_pro_via_claude_code_superseded,2,claude_code,,26,26,10,10,0,False,1.0,,,,
BixBench50,bix-24-q2,galaxy_deepseek_v4_pro_via_claude_code_superseded_r3,deepseek_v4_pro_via_claude_code_superseded,3,claude_code,,32,32,8,8,0,False,,,,,
BixBench50,bix-24-q2,galaxy_deepseek_v4_pro_via_codex_r1,deepseek_v4_pro_via_codex,1,codex,,0,0,0,0,0,False,1.0,,,,
BixBench50,bix-24-q2,galaxy_deepseek_v4_pro_via_codex_r2,deepseek_v4_pro_via_codex,2,codex,,1,1,0,0,0,False,1.0,,,,
BixBench50,bix-24-q2,galaxy_deepseek_v4_pro_via_codex_r3,deepseek_v4_pro_via_codex,3,codex,,2,2,0,0,0,False,1.0,,,,
BixBench50,bix-26-q3,galaxy_codex_gpt_5_5_r1,codex_gpt_5_5,1,codex,,8,8,0,0,2,False,11.0,,5.0,3.0,
BixBench50,bix-26-q3,galaxy_codex_gpt_5_5_r2,codex_gpt_5_5,2,codex,,8,8,1,1,1,False,4.0,,2.0,,
BixBench50,bix-26-q3,galaxy_codex_gpt_5_5_r3,codex_gpt_5_5,3,codex,,7,7,0,0,1,False,4.0,,2.0,1.0,
BixBench50,bix-26-q3,galaxy_codex_gpt_5_6_luna_r1,codex_gpt_5_6_luna,1,codex,,58,58,12,12,0,False,,,,,
BixBench50,bix-26-q3,galaxy_codex_gpt_5_6_luna_r2,codex_gpt_5_6_luna,2,codex,,47,47,10,10,0,False,,,,,
BixBench50,bix-26-q3,galaxy_codex_gpt_5_6_luna_r3,codex_gpt_5_6_luna,3,codex,,42,42,4,4,0,False,,,,,
BixBench50,bix-26-q3,galaxy_codex_gpt_5_6_sol_r1,codex_gpt_5_6_sol,1,codex,,19,19,5,5,0,False,,,,,
BixBench50,bix-26-q3,galaxy_codex_gpt_5_6_sol_r2,codex_gpt_5_6_sol,2,codex,,18,18,0,0,0,False,,,,,
BixBench50,bix-26-q3,galaxy_codex_gpt_5_6_sol_r3,codex_gpt_5_6_sol,3,codex,,16,16,0,0,0,False,,,,,
BixBench50,bix-26-q3,galaxy_deepseek_v4_pro_via_claude_code_superseded_r1,deepseek_v4_pro_via_claude_code_superseded,1,claude_code,,18,18,2,2,0,False,,,,,
BixBench50,bix-26-q3,galaxy_deepseek_v4_pro_via_claude_code_superseded_r2,deepseek_v4_pro_via_claude_code_superseded,2,claude_code,,22,22,7,7,0,False,,,,,
BixBench50,bix-26-q3,galaxy_deepseek_v4_pro_via_claude_code_superseded_r3,deepseek_v4_pro_via_claude_code_superseded,3,claude_code,,13,13,3,3,0,False,,,,,
BixBench50,bix-26-q3,galaxy_deepseek_v4_pro_via_codex_r1,deepseek_v4_pro_via_codex,1,codex,,0,0,0,0,0,False,1.0,,,,
BixBench50,bix-26-q3,galaxy_deepseek_v4_pro_via_codex_r2,deepseek_v4_pro_via_codex,2,codex,,1,1,0,0,0,False,1.0,,,,
BixBench50,bix-26-q3,galaxy_deepseek_v4_pro_via_codex_r3,deepseek_v4_pro_via_codex,3,codex,,2,2,0,0,0,False,1.0,,,,
BixBench50,bix-26-q5,galaxy_codex_gpt_5_5_r1,codex_gpt_5_5,1,codex,,13,13,0,0,0,False,,,,,
BixBench50,bix-26-q5,galaxy_codex_gpt_5_5_r2,codex_gpt_5_5,2,codex,,23,23,0,0,0,False,,,,,
BixBench50,bix-26-q5,galaxy_codex_gpt_5_5_r3,codex_gpt_5_5,3,codex,,16,16,0,0,0,False,,,,,
BixBench50,bix-26-q5,galaxy_codex_gpt_5_6_luna_r1,codex_gpt_5_6_luna,1,codex,,72,72,9,9,0,False,,,,,
BixBench50,bix-26-q5,galaxy_codex_gpt_5_6_luna_r2,codex_gpt_5_6_luna,2,codex,,34,34,2,2,0,False,,,,,
BixBench50,bix-26-q5,galaxy_codex_gpt_5_6_luna_r3,codex_gpt_5_6_luna,3,codex,,91,91,21,21,0,False,,,,,
BixBench50,bix-26-q5,galaxy_codex_gpt_5_6_sol_r1,codex_gpt_5_6_sol,1,codex,,23,23,0,0,0,False,,,,,
BixBench50,bix-26-q5,galaxy_codex_gpt_5_6_sol_r2,codex_gpt_5_6_sol,2,codex,,21,21,1,1,0,False,,,,,
BixBench50,bix-26-q5,galaxy_codex_gpt_5_6_sol_r3,codex_gpt_5_6_sol,3,codex,,20,20,2,2,0,False,,,,,
BixBench50,bix-26-q5,galaxy_deepseek_v4_pro_via_claude_code_superseded_r1,deepseek_v4_pro_via_claude_code_superseded,1,claude_code,,30,30,7,7,0,False,,,,,
BixBench50,bix-26-q5,galaxy_deepseek_v4_pro_via_claude_code_superseded_r2,deepseek_v4_pro_via_claude_code_superseded,2,claude_code,,31,31,6,6,0,False,,,,,
BixBench50,bix-26-q5,galaxy_deepseek_v4_pro_via_claude_code_superseded_r3,deepseek_v4_pro_via_claude_code_superseded,3,claude_code,,29,29,10,10,0,False,,,,,
BixBench50,bix-26-q5,galaxy_deepseek_v4_pro_via_codex_r1,deepseek_v4_pro_via_codex,1,codex,,2,2,0,0,0,False,1.0,,,,
BixBench50,bix-26-q5,galaxy_deepseek_v4_pro_via_codex_r2,deepseek_v4_pro_via_codex,2,codex,,0,0,0,0,0,False,1.0,,,,
BixBench50,bix-26-q5,galaxy_deepseek_v4_pro_via_codex_r3,deepseek_v4_pro_via_codex,3,codex,,1,1,0,0,0,False,46.0,,,,
BixBench50,bix-27-q5,galaxy_codex_gpt_5_5_r1,codex_gpt_5_5,1,codex,,8,8,0,0,0,False,,,,,
BixBench50,bix-27-q5,galaxy_codex_gpt_5_5_r2,codex_gpt_5_5,2,codex,,11,11,2,2,0,False,,,,,
BixBench50,bix-27-q5,galaxy_codex_gpt_5_5_r3,codex_gpt_5_5,3,codex,,2,2,0,0,0,False,,,,,
BixBench50,bix-27-q5,galaxy_codex_gpt_5_6_luna_r1,codex_gpt_5_6_luna,1,codex,,77,77,20,20,0,False,2.0,,,,
BixBench50,bix-27-q5,galaxy_codex_gpt_5_6_luna_r2,codex_gpt_5_6_luna,2,codex,,67,67,7,7,0,False,,,,,
BixBench50,bix-27-q5,galaxy_codex_gpt_5_6_luna_r3,codex_gpt_5_6_luna,3,codex,,27,27,3,3,0,False,,,,,
BixBench50,bix-27-q5,galaxy_codex_gpt_5_6_sol_r1,codex_gpt_5_6_sol,1,codex,,6,6,0,0,0,False,,,,,
BixBench50,bix-27-q5,galaxy_codex_gpt_5_6_sol_r2,codex_gpt_5_6_sol,2,codex,,13,13,1,1,0,False,,,,,
BixBench50,bix-27-q5,galaxy_codex_gpt_5_6_sol_r3,codex_gpt_5_6_sol,3,codex,,8,8,0,0,0,False,,,,,
BixBench50,bix-27-q5,galaxy_deepseek_v4_pro_via_claude_code_superseded_r1,deepseek_v4_pro_via_claude_code_superseded,1,claude_code,,35,35,7,7,0,False,,,,,
BixBench50,bix-27-q5,galaxy_deepseek_v4_pro_via_claude_code_superseded_r2,deepseek_v4_pro_via_claude_code_superseded,2,claude_code,,27,27,7,7,0,False,,,,,
BixBench50,bix-27-q5,galaxy_deepseek_v4_pro_via_claude_code_superseded_r3,deepseek_v4_pro_via_claude_code_superseded,3,claude_code,,20,20,5,5,0,False,,,,,
BixBench50,bix-27-q5,galaxy_deepseek_v4_pro_via_codex_r1,deepseek_v4_pro_via_codex,1,codex,,2,2,0,0,0,False,2.0,,,,
BixBench50,bix-27-q5,galaxy_deepseek_v4_pro_via_codex_r2,deepseek_v4_pro_via_codex,2,codex,,2,2,0,0,0,False,1.0,,,,
BixBench50,bix-27-q5,galaxy_deepseek_v4_pro_via_codex_r3,deepseek_v4_pro_via_codex,3,codex,,1,1,0,0,0,False,1.0,,,,
BixBench50,bix-28-q3,galaxy_codex_gpt_5_5_r1,codex_gpt_5_5,1,codex,,23,23,3,3,0,False,,,,,
BixBench50,bix-28-q3,galaxy_codex_gpt_5_5_r2,codex_gpt_5_5,2,codex,,7,7,0,0,0,False,,,,,
BixBench50,bix-28-q3,galaxy_codex_gpt_5_5_r3,codex_gpt_5_5,3,codex,,9,9,0,0,0,False,,,,,
BixBench50,bix-28-q3,galaxy_codex_gpt_5_6_luna_r1,codex_gpt_5_6_luna,1,codex,,21,21,2,2,0,False,,,,,
BixBench50,bix-28-q3,galaxy_codex_gpt_5_6_luna_r2,codex_gpt_5_6_luna,2,codex,,21,21,0,0,0,False,,,,,
BixBench50,bix-28-q3,galaxy_codex_gpt_5_6_luna_r3,codex_gpt_5_6_luna,3,codex,,23,23,3,3,0,False,,,,,
BixBench50,bix-28-q3,galaxy_codex_gpt_5_6_sol_r1,codex_gpt_5_6_sol,1,codex,,13,13,0,0,0,False,,,,,
BixBench50,bix-28-q3,galaxy_codex_gpt_5_6_sol_r2,codex_gpt_5_6_sol,2,codex,,14,14,1,1,0,False,,,,,
BixBench50,bix-28-q3,galaxy_codex_gpt_5_6_sol_r3,codex_gpt_5_6_sol,3,codex,,11,11,0,0,0,False,,,,,
BixBench50,bix-28-q3,galaxy_deepseek_v4_pro_via_claude_code_superseded_r1,deepseek_v4_pro_via_claude_code_superseded,1,claude_code,,16,16,7,7,0,False,,,,,
BixBench50,bix-28-q3,galaxy_deepseek_v4_pro_via_claude_code_superseded_r2,deepseek_v4_pro_via_claude_code_superseded,2,claude_code,,26,26,7,7,0,False,,,,,
BixBench50,bix-28-q3,galaxy_deepseek_v4_pro_via_claude_code_superseded_r3,deepseek_v4_pro_via_claude_code_superseded,3,claude_code,,11,11,3,3,0,False,,,,,
BixBench50,bix-28-q3,galaxy_deepseek_v4_pro_via_codex_r1,deepseek_v4_pro_via_codex,1,codex,,32,32,10,10,0,False,1.0,,,,
BixBench50,bix-28-q3,galaxy_deepseek_v4_pro_via_codex_r2,deepseek_v4_pro_via_codex,2,codex,,24,24,4,4,0,False,1.0,,,,
BixBench50,bix-28-q3,galaxy_deepseek_v4_pro_via_codex_r3,deepseek_v4_pro_via_codex,3,codex,,22,22,4,4,0,False,13.0,,,,
BixBench50,bix-30-q3,galaxy_codex_gpt_5_5_r1,codex_gpt_5_5,1,codex,,6,6,0,0,0,False,,,,,
BixBench50,bix-30-q3,galaxy_codex_gpt_5_5_r2,codex_gpt_5_5,2,codex,,8,8,0,0,0,False,,,,,
BixBench50,bix-30-q3,galaxy_codex_gpt_5_5_r3,codex_gpt_5_5,3,codex,,10,10,0,0,0,False,,,,,
BixBench50,bix-30-q3,galaxy_codex_gpt_5_6_luna_r1,codex_gpt_5_6_luna,1,codex,,19,19,3,3,0,False,,,,,
BixBench50,bix-30-q3,galaxy_codex_gpt_5_6_luna_r2,codex_gpt_5_6_luna,2,codex,,43,43,1,1,0,False,,,,,
BixBench50,bix-30-q3,galaxy_codex_gpt_5_6_luna_r3,codex_gpt_5_6_luna,3,codex,,26,26,4,4,0,False,,,,,
BixBench50,bix-30-q3,galaxy_codex_gpt_5_6_sol_r1,codex_gpt_5_6_sol,1,codex,,19,19,2,2,0,False,,,,,
BixBench50,bix-30-q3,galaxy_codex_gpt_5_6_sol_r2,codex_gpt_5_6_sol,2,codex,,19,19,1,1,0,False,,,,,
BixBench50,bix-30-q3,galaxy_codex_gpt_5_6_sol_r3,codex_gpt_5_6_sol,3,codex,,20,20,2,2,0,False,,,,,
BixBench50,bix-30-q3,galaxy_deepseek_v4_pro_via_claude_code_superseded_r1,deepseek_v4_pro_via_claude_code_superseded,1,claude_code,,24,24,9,9,0,False,,,,,
BixBench50,bix-30-q3,galaxy_deepseek_v4_pro_via_claude_code_superseded_r2,deepseek_v4_pro_via_claude_code_superseded,2,claude_code,,21,21,5,5,0,False,,,,,
BixBench50,bix-30-q3,galaxy_deepseek_v4_pro_via_claude_code_superseded_r3,deepseek_v4_pro_via_claude_code_superseded,3,claude_code,,17,17,5,5,0,False,,,,,
BixBench50,bix-30-q3,galaxy_deepseek_v4_pro_via_codex_r1,deepseek_v4_pro_via_codex,1,codex,,0,0,0,0,0,False,1.0,,,,
BixBench50,bix-30-q3,galaxy_deepseek_v4_pro_via_codex_r2,deepseek_v4_pro_via_codex,2,codex,,1,1,0,0,0,False,2.0,,,,
BixBench50,bix-30-q3,galaxy_deepseek_v4_pro_via_codex_r3,deepseek_v4_pro_via_codex,3,codex,,3,3,0,0,0,False,1.0,,,,
BixBench50,bix-31-q2,galaxy_codex_gpt_5_5_r1,codex_gpt_5_5,1,codex,,6,6,0,0,0,False,,,,,
BixBench50,bix-31-q2,galaxy_codex_gpt_5_5_r2,codex_gpt_5_5,2,codex,,6,6,0,0,0,False,,,,,
BixBench50,bix-31-q2,galaxy_codex_gpt_5_5_r3,codex_gpt_5_5,3,codex,,5,5,1,1,0,False,,,,,
BixBench50,bix-31-q2,galaxy_codex_gpt_5_6_luna_r1,codex_gpt_5_6_luna,1,codex,,16,16,3,3,0,False,,,,,
BixBench50,bix-31-q2,galaxy_codex_gpt_5_6_luna_r2,codex_gpt_5_6_luna,2,codex,,12,12,1,1,0,False,,,,,
BixBench50,bix-31-q2,galaxy_codex_gpt_5_6_luna_r3,codex_gpt_5_6_luna,3,codex,,13,13,3,3,0,False,,,,,
BixBench50,bix-31-q2,galaxy_codex_gpt_5_6_sol_r1,codex_gpt_5_6_sol,1,codex,,6,6,0,0,0,False,,,,,
BixBench50,bix-31-q2,galaxy_codex_gpt_5_6_sol_r2,codex_gpt_5_6_sol,2,codex,,7,7,0,0,0,False,,,,,
BixBench50,bix-31-q2,galaxy_codex_gpt_5_6_sol_r3,codex_gpt_5_6_sol,3,codex,,6,6,1,1,0,False,,,,,
BixBench50,bix-31-q2,galaxy_deepseek_v4_pro_via_claude_code_superseded_r1,deepseek_v4_pro_via_claude_code_superseded,1,claude_code,,16,16,10,10,0,False,,,,,
BixBench50,bix-31-q2,galaxy_deepseek_v4_pro_via_claude_code_superseded_r2,deepseek_v4_pro_via_claude_code_superseded,2,claude_code,,10,10,4,4,0,False,,,,,
BixBench50,bix-31-q2,galaxy_deepseek_v4_pro_via_claude_code_superseded_r3,deepseek_v4_pro_via_claude_code_superseded,3,claude_code,,12,12,5,5,0,False,,,,,
BixBench50,bix-31-q2,galaxy_deepseek_v4_pro_via_codex_r1,deepseek_v4_pro_via_codex,1,codex,,0,0,0,0,0,False,1.0,,,,
BixBench50,bix-31-q2,galaxy_deepseek_v4_pro_via_codex_r2,deepseek_v4_pro_via_codex,2,codex,,1,1,0,0,0,False,141.0,,,,
BixBench50,bix-31-q2,galaxy_deepseek_v4_pro_via_codex_r3,deepseek_v4_pro_via_codex,3,codex,,2,2,0,0,0,False,4.0,,,,
BixBench50,bix-32-q2,galaxy_codex_gpt_5_5_r1,codex_gpt_5_5,1,codex,,4,4,0,0,0,False,,,,,
BixBench50,bix-32-q2,galaxy_codex_gpt_5_5_r2,codex_gpt_5_5,2,codex,,4,4,1,1,0,False,,,,,
BixBench50,bix-32-q2,galaxy_codex_gpt_5_5_r3,codex_gpt_5_5,3,codex,,17,17,1,1,0,False,,,,,
BixBench50,bix-32-q2,galaxy_codex_gpt_5_6_luna_r1,codex_gpt_5_6_luna,1,codex,,90,90,18,18,0,False,,,,,
BixBench50,bix-32-q2,galaxy_codex_gpt_5_6_luna_r2,codex_gpt_5_6_luna,2,codex,,90,90,17,17,0,False,,,,,
BixBench50,bix-32-q2,galaxy_codex_gpt_5_6_luna_r3,codex_gpt_5_6_luna,3,codex,,38,38,5,5,0,False,,,,,
BixBench50,bix-32-q2,galaxy_codex_gpt_5_6_sol_r1,codex_gpt_5_6_sol,1,codex,,37,37,0,0,0,False,,,,,
BixBench50,bix-32-q2,galaxy_codex_gpt_5_6_sol_r2,codex_gpt_5_6_sol,2,codex,,36,36,2,2,0,False,,,,,
BixBench50,bix-32-q2,galaxy_codex_gpt_5_6_sol_r3,codex_gpt_5_6_sol,3,codex,,38,38,2,2,0,False,,,,,
BixBench50,bix-32-q2,galaxy_deepseek_v4_pro_via_claude_code_superseded_r1,deepseek_v4_pro_via_claude_code_superseded,1,claude_code,,22,22,4,4,0,False,,,,,
BixBench50,bix-32-q2,galaxy_deepseek_v4_pro_via_claude_code_superseded_r2,deepseek_v4_pro_via_claude_code_superseded,2,claude_code,,31,31,7,7,0,False,,,,,
BixBench50,bix-32-q2,galaxy_deepseek_v4_pro_via_claude_code_superseded_r3,deepseek_v4_pro_via_claude_code_superseded,3,claude_code,,31,31,2,2,0,False,,,,,
BixBench50,bix-32-q2,galaxy_deepseek_v4_pro_via_codex_r1,deepseek_v4_pro_via_codex,1,codex,,79,79,3,3,0,False,1.0,,,,
BixBench50,bix-32-q2,galaxy_deepseek_v4_pro_via_codex_r2,deepseek_v4_pro_via_codex,2,codex,,51,51,2,2,0,False,1.0,,,,
BixBench50,bix-32-q2,galaxy_deepseek_v4_pro_via_codex_r3,deepseek_v4_pro_via_codex,3,codex,,51,51,4,4,0,False,1.0,,,,
BixBench50,bix-34-q2,galaxy_codex_gpt_5_5_r1,codex_gpt_5_5,1,codex,,5,5,0,0,0,False,,,,,
BixBench50,bix-34-q2,galaxy_codex_gpt_5_5_r2,codex_gpt_5_5,2,codex,,12,12,1,1,0,False,,,,,
BixBench50,bix-34-q2,galaxy_codex_gpt_5_5_r3,codex_gpt_5_5,3,codex,,12,12,0,0,0,False,,,,,
BixBench50,bix-34-q2,galaxy_codex_gpt_5_6_luna_r1,codex_gpt_5_6_luna,1,codex,,23,23,1,1,0,False,,,,,
BixBench50,bix-34-q2,galaxy_codex_gpt_5_6_luna_r2,codex_gpt_5_6_luna,2,codex,,17,17,0,0,0,False,,,,,
BixBench50,bix-34-q2,galaxy_codex_gpt_5_6_luna_r3,codex_gpt_5_6_luna,3,codex,,28,28,0,0,0,False,,,,,
BixBench50,bix-34-q2,galaxy_codex_gpt_5_6_sol_r1,codex_gpt_5_6_sol,1,codex,,13,13,1,1,0,False,,,,,
BixBench50,bix-34-q2,galaxy_codex_gpt_5_6_sol_r2,codex_gpt_5_6_sol,2,codex,,10,10,0,0,0,False,,,,,
BixBench50,bix-34-q2,galaxy_codex_gpt_5_6_sol_r3,codex_gpt_5_6_sol,3,codex,,9,9,0,0,0,False,,,,,
BixBench50,bix-34-q2,galaxy_deepseek_v4_pro_via_claude_code_superseded_r1,deepseek_v4_pro_via_claude_code_superseded,1,claude_code,,25,25,3,3,0,False,,,,,
BixBench50,bix-34-q2,galaxy_deepseek_v4_pro_via_claude_code_superseded_r2,deepseek_v4_pro_via_claude_code_superseded,2,claude_code,,25,25,1,1,0,False,,,,,
BixBench50,bix-34-q2,galaxy_deepseek_v4_pro_via_claude_code_superseded_r3,deepseek_v4_pro_via_claude_code_superseded,3,claude_code,,38,38,16,16,0,False,,,,,
BixBench50,bix-34-q2,galaxy_deepseek_v4_pro_via_codex_r1,deepseek_v4_pro_via_codex,1,codex,,35,35,1,1,0,False,1.0,,,,
BixBench50,bix-34-q2,galaxy_deepseek_v4_pro_via_codex_r2,deepseek_v4_pro_via_codex,2,codex,,16,16,1,1,0,False,2.0,,,,
BixBench50,bix-34-q2,galaxy_deepseek_v4_pro_via_codex_r3,deepseek_v4_pro_via_codex,3,codex,,29,29,3,3,0,False,2.0,,,,
BixBench50,bix-34-q5,galaxy_codex_gpt_5_5_r1,codex_gpt_5_5,1,codex,,9,9,0,0,0,False,,,,,
BixBench50,bix-34-q5,galaxy_codex_gpt_5_5_r2,codex_gpt_5_5,2,codex,,9,9,0,0,0,False,,,,,
BixBench50,bix-34-q5,galaxy_codex_gpt_5_5_r3,codex_gpt_5_5,3,codex,,6,6,0,0,0,False,,,,,
BixBench50,bix-34-q5,galaxy_codex_gpt_5_6_luna_r1,codex_gpt_5_6_luna,1,codex,,31,31,4,4,0,False,,,,,
BixBench50,bix-34-q5,galaxy_codex_gpt_5_6_luna_r2,codex_gpt_5_6_luna,2,codex,,30,30,1,1,0,False,,,,,
BixBench50,bix-34-q5,galaxy_codex_gpt_5_6_luna_r3,codex_gpt_5_6_luna,3,codex,,62,62,3,3,0,False,,,,,
BixBench50,bix-34-q5,galaxy_codex_gpt_5_6_sol_r1,codex_gpt_5_6_sol,1,codex,,44,44,1,1,0,False,,,,,
BixBench50,bix-34-q5,galaxy_codex_gpt_5_6_sol_r2,codex_gpt_5_6_sol,2,codex,,9,9,1,1,0,False,,,,,
BixBench50,bix-34-q5,galaxy_codex_gpt_5_6_sol_r3,codex_gpt_5_6_sol,3,codex,,11,11,0,0,0,False,,,,,
BixBench50,bix-34-q5,galaxy_deepseek_v4_pro_via_claude_code_superseded_r1,deepseek_v4_pro_via_claude_code_superseded,1,claude_code,,23,23,4,4,0,False,,,,,
BixBench50,bix-34-q5,galaxy_deepseek_v4_pro_via_claude_code_superseded_r2,deepseek_v4_pro_via_claude_code_superseded,2,claude_code,,22,22,2,2,0,False,,,,,
BixBench50,bix-34-q5,galaxy_deepseek_v4_pro_via_claude_code_superseded_r3,deepseek_v4_pro_via_claude_code_superseded,3,claude_code,,42,42,2,2,0,False,,,,,
BixBench50,bix-34-q5,galaxy_deepseek_v4_pro_via_codex_r1,deepseek_v4_pro_via_codex,1,codex,,28,28,1,1,0,False,18.0,,,,
BixBench50,bix-34-q5,galaxy_deepseek_v4_pro_via_codex_r2,deepseek_v4_pro_via_codex,2,codex,,40,40,3,3,0,False,2.0,,,,
BixBench50,bix-34-q5,galaxy_deepseek_v4_pro_via_codex_r3,deepseek_v4_pro_via_codex,3,codex,,40,40,3,3,0,False,1.0,,,,
BixBench50,bix-35-q1,galaxy_codex_gpt_5_5_r1,codex_gpt_5_5,1,codex,,7,7,0,0,0,False,,,,,
BixBench50,bix-35-q1,galaxy_codex_gpt_5_5_r2,codex_gpt_5_5,2,codex,,10,10,0,0,0,False,,,,,
BixBench50,bix-35-q1,galaxy_codex_gpt_5_5_r3,codex_gpt_5_5,3,codex,,4,4,0,0,0,False,,,,,
BixBench50,bix-35-q1,galaxy_codex_gpt_5_6_luna_r1,codex_gpt_5_6_luna,1,codex,,14,14,1,1,0,False,,,,,
BixBench50,bix-35-q1,galaxy_codex_gpt_5_6_luna_r2,codex_gpt_5_6_luna,2,codex,,15,15,2,2,0,False,,,,,
BixBench50,bix-35-q1,galaxy_codex_gpt_5_6_luna_r3,codex_gpt_5_6_luna,3,codex,,22,22,2,2,0,False,,,,,
BixBench50,bix-35-q1,galaxy_codex_gpt_5_6_sol_r1,codex_gpt_5_6_sol,1,codex,,11,11,1,1,0,False,,,,,
BixBench50,bix-35-q1,galaxy_codex_gpt_5_6_sol_r2,codex_gpt_5_6_sol,2,codex,,19,19,2,2,0,False,,,,,
BixBench50,bix-35-q1,galaxy_codex_gpt_5_6_sol_r3,codex_gpt_5_6_sol,3,codex,,13,13,0,0,0,False,,,,,
BixBench50,bix-35-q1,galaxy_deepseek_v4_pro_via_claude_code_superseded_r1,deepseek_v4_pro_via_claude_code_superseded,1,claude_code,,12,12,3,3,0,False,,,,,
BixBench50,bix-35-q1,galaxy_deepseek_v4_pro_via_claude_code_superseded_r2,deepseek_v4_pro_via_claude_code_superseded,2,claude_code,,19,19,3,3,0,False,,,,,
BixBench50,bix-35-q1,galaxy_deepseek_v4_pro_via_claude_code_superseded_r3,deepseek_v4_pro_via_claude_code_superseded,3,claude_code,,10,10,3,3,0,False,,,,,
BixBench50,bix-35-q1,galaxy_deepseek_v4_pro_via_codex_r1,deepseek_v4_pro_via_codex,1,codex,,23,23,2,2,0,False,1.0,,,,
BixBench50,bix-35-q1,galaxy_deepseek_v4_pro_via_codex_r2,deepseek_v4_pro_via_codex,2,codex,,25,25,8,8,0,False,1.0,,,,
BixBench50,bix-35-q1,galaxy_deepseek_v4_pro_via_codex_r3,deepseek_v4_pro_via_codex,3,codex,,14,14,1,1,0,False,1.0,,,,
BixBench50,bix-35-q2,galaxy_codex_gpt_5_5_r1,codex_gpt_5_5,1,codex,,15,15,1,1,0,False,,,,,
BixBench50,bix-35-q2,galaxy_codex_gpt_5_5_r2,codex_gpt_5_5,2,codex,,14,14,0,0,0,False,,,,,
BixBench50,bix-35-q2,galaxy_codex_gpt_5_5_r3,codex_gpt_5_5,3,codex,,15,15,0,0,0,False,,,,,
BixBench50,bix-35-q2,galaxy_codex_gpt_5_6_luna_r1,codex_gpt_5_6_luna,1,codex,,24,24,4,4,0,False,,,,,
BixBench50,bix-35-q2,galaxy_codex_gpt_5_6_luna_r2,codex_gpt_5_6_luna,2,codex,,35,35,6,6,0,False,,,,,
BixBench50,bix-35-q2,galaxy_codex_gpt_5_6_luna_r3,codex_gpt_5_6_luna,3,codex,,28,28,3,3,0,False,,,,,
BixBench50,bix-35-q2,galaxy_codex_gpt_5_6_sol_r1,codex_gpt_5_6_sol,1,codex,,26,26,0,0,0,False,,,,,
BixBench50,bix-35-q2,galaxy_codex_gpt_5_6_sol_r2,codex_gpt_5_6_sol,2,codex,,17,17,2,2,0,False,,,,,
BixBench50,bix-35-q2,galaxy_codex_gpt_5_6_sol_r3,codex_gpt_5_6_sol,3,codex,,18,18,2,2,0,False,,,,,
BixBench50,bix-35-q2,galaxy_deepseek_v4_pro_via_claude_code_superseded_r1,deepseek_v4_pro_via_claude_code_superseded,1,claude_code,,23,23,2,2,0,False,,,,,
BixBench50,bix-35-q2,galaxy_deepseek_v4_pro_via_claude_code_superseded_r2,deepseek_v4_pro_via_claude_code_superseded,2,claude_code,,37,37,3,3,0,False,,,,,
BixBench50,bix-35-q2,galaxy_deepseek_v4_pro_via_claude_code_superseded_r3,deepseek_v4_pro_via_claude_code_superseded,3,claude_code,,28,28,4,4,0,False,,,,,
BixBench50,bix-35-q2,galaxy_deepseek_v4_pro_via_codex_r1,deepseek_v4_pro_via_codex,1,codex,,16,16,1,1,0,False,2.0,,,,
BixBench50,bix-35-q2,galaxy_deepseek_v4_pro_via_codex_r2,deepseek_v4_pro_via_codex,2,codex,,36,36,4,4,0,False,1.0,,,,
BixBench50,bix-35-q2,galaxy_deepseek_v4_pro_via_codex_r3,deepseek_v4_pro_via_codex,3,codex,,27,27,1,1,0,False,1.0,,,,
BixBench50,bix-37-q1,galaxy_codex_gpt_5_5_r1,codex_gpt_5_5,1,codex,,13,13,0,0,0,False,,,,,
BixBench50,bix-37-q1,galaxy_codex_gpt_5_5_r2,codex_gpt_5_5,2,codex,,9,9,2,2,0,False,,,,,
BixBench50,bix-37-q1,galaxy_codex_gpt_5_5_r3,codex_gpt_5_5,3,codex,,8,8,0,0,0,False,,,,,
BixBench50,bix-37-q1,galaxy_codex_gpt_5_6_luna_r1,codex_gpt_5_6_luna,1,codex,,24,24,1,1,0,False,,,,,
BixBench50,bix-37-q1,galaxy_codex_gpt_5_6_luna_r2,codex_gpt_5_6_luna,2,codex,,26,26,2,2,0,False,,,,,
BixBench50,bix-37-q1,galaxy_codex_gpt_5_6_luna_r3,codex_gpt_5_6_luna,3,codex,,22,22,2,2,0,False,,,,,
BixBench50,bix-37-q1,galaxy_codex_gpt_5_6_sol_r1,codex_gpt_5_6_sol,1,codex,,23,23,0,0,0,False,,,,,
BixBench50,bix-37-q1,galaxy_codex_gpt_5_6_sol_r2,codex_gpt_5_6_sol,2,codex,,15,15,0,0,0,False,,,,,
BixBench50,bix-37-q1,galaxy_codex_gpt_5_6_sol_r3,codex_gpt_5_6_sol,3,codex,,20,20,0,0,0,False,,,,,
BixBench50,bix-37-q1,galaxy_deepseek_v4_pro_via_claude_code_superseded_r1,deepseek_v4_pro_via_claude_code_superseded,1,claude_code,,14,14,1,1,0,False,,,,,
BixBench50,bix-37-q1,galaxy_deepseek_v4_pro_via_claude_code_superseded_r2,deepseek_v4_pro_via_claude_code_superseded,2,claude_code,,7,7,0,0,0,False,,,,,
BixBench50,bix-37-q1,galaxy_deepseek_v4_pro_via_claude_code_superseded_r3,deepseek_v4_pro_via_claude_code_superseded,3,claude_code,,9,9,0,0,0,False,,,,,
BixBench50,bix-37-q1,galaxy_deepseek_v4_pro_via_codex_r1,deepseek_v4_pro_via_codex,1,codex,,16,16,1,1,0,False,1.0,,,,
BixBench50,bix-37-q1,galaxy_deepseek_v4_pro_via_codex_r2,deepseek_v4_pro_via_codex,2,codex,,23,23,3,3,0,False,1.0,,,,
BixBench50,bix-37-q1,galaxy_deepseek_v4_pro_via_codex_r3,deepseek_v4_pro_via_codex,3,codex,,21,21,0,0,0,False,1.0,,,,
BixBench50,bix-37-q4,galaxy_codex_gpt_5_5_r1,codex_gpt_5_5,1,codex,,6,6,0,0,0,False,,,,,
BixBench50,bix-37-q4,galaxy_codex_gpt_5_5_r2,codex_gpt_5_5,2,codex,,11,11,1,1,0,False,,,,,
BixBench50,bix-37-q4,galaxy_codex_gpt_5_5_r3,codex_gpt_5_5,3,codex,,10,10,0,0,0,False,,,,,
BixBench50,bix-37-q4,galaxy_codex_gpt_5_6_luna_r1,codex_gpt_5_6_luna,1,codex,,15,15,0,0,0,False,,,,,
BixBench50,bix-37-q4,galaxy_codex_gpt_5_6_luna_r2,codex_gpt_5_6_luna,2,codex,,26,26,6,6,0,False,,,,,
BixBench50,bix-37-q4,galaxy_codex_gpt_5_6_luna_r3,codex_gpt_5_6_luna,3,codex,,23,23,2,2,0,False,,,,,
BixBench50,bix-37-q4,galaxy_codex_gpt_5_6_sol_r1,codex_gpt_5_6_sol,1,codex,,21,21,1,1,0,False,,,,,
BixBench50,bix-37-q4,galaxy_codex_gpt_5_6_sol_r2,codex_gpt_5_6_sol,2,codex,,13,13,0,0,0,False,,,,,
BixBench50,bix-37-q4,galaxy_codex_gpt_5_6_sol_r3,codex_gpt_5_6_sol,3,codex,,17,17,1,1,0,False,,,,,
BixBench50,bix-37-q4,galaxy_deepseek_v4_pro_via_claude_code_superseded_r1,deepseek_v4_pro_via_claude_code_superseded,1,claude_code,,4,4,1,1,0,False,,,,,
BixBench50,bix-37-q4,galaxy_deepseek_v4_pro_via_claude_code_superseded_r2,deepseek_v4_pro_via_claude_code_superseded,2,claude_code,,6,6,0,0,0,False,,,,,
BixBench50,bix-37-q4,galaxy_deepseek_v4_pro_via_claude_code_superseded_r3,deepseek_v4_pro_via_claude_code_superseded,3,claude_code,,11,11,0,0,0,False,,,,,
BixBench50,bix-37-q4,galaxy_deepseek_v4_pro_via_codex_r1,deepseek_v4_pro_via_codex,1,codex,,21,21,5,5,0,False,1.0,,,,
BixBench50,bix-37-q4,galaxy_deepseek_v4_pro_via_codex_r2,deepseek_v4_pro_via_codex,2,codex,,35,35,4,4,0,False,1.0,,,,
BixBench50,bix-37-q4,galaxy_deepseek_v4_pro_via_codex_r3,deepseek_v4_pro_via_codex,3,codex,,19,19,3,3,0,False,1.0,,,,
BixBench50,bix-38-q1,galaxy_codex_gpt_5_5_r1,codex_gpt_5_5,1,codex,,9,9,0,0,0,False,,,,,
BixBench50,bix-38-q1,galaxy_codex_gpt_5_5_r2,codex_gpt_5_5,2,codex,,12,12,0,0,0,False,,,,,
BixBench50,bix-38-q1,galaxy_codex_gpt_5_5_r3,codex_gpt_5_5,3,codex,,14,14,1,1,0,False,,,,,
BixBench50,bix-38-q1,galaxy_codex_gpt_5_6_luna_r1,codex_gpt_5_6_luna,1,codex,,26,26,2,2,0,False,,,,,
BixBench50,bix-38-q1,galaxy_codex_gpt_5_6_luna_r2,codex_gpt_5_6_luna,2,codex,,17,17,0,0,0,False,,,,,
BixBench50,bix-38-q1,galaxy_codex_gpt_5_6_luna_r3,codex_gpt_5_6_luna,3,codex,,16,16,3,3,0,False,,,,,
BixBench50,bix-38-q1,galaxy_codex_gpt_5_6_sol_r1,codex_gpt_5_6_sol,1,codex,,15,15,0,0,0,False,,,,,
BixBench50,bix-38-q1,galaxy_codex_gpt_5_6_sol_r2,codex_gpt_5_6_sol,2,codex,,13,13,0,0,0,False,,,,,
BixBench50,bix-38-q1,galaxy_codex_gpt_5_6_sol_r3,codex_gpt_5_6_sol,3,codex,,14,14,0,0,0,False,,,,,
BixBench50,bix-38-q1,galaxy_deepseek_v4_pro_via_claude_code_superseded_r1,deepseek_v4_pro_via_claude_code_superseded,1,claude_code,,14,14,2,2,0,False,,,,,
BixBench50,bix-38-q1,galaxy_deepseek_v4_pro_via_claude_code_superseded_r2,deepseek_v4_pro_via_claude_code_superseded,2,claude_code,,16,16,4,4,0,False,,,,,
BixBench50,bix-38-q1,galaxy_deepseek_v4_pro_via_claude_code_superseded_r3,deepseek_v4_pro_via_claude_code_superseded,3,claude_code,,20,20,4,4,0,False,,,,,
BixBench50,bix-38-q1,galaxy_deepseek_v4_pro_via_codex_r1,deepseek_v4_pro_via_codex,1,codex,,21,21,1,1,0,False,1.0,,,,
BixBench50,bix-38-q1,galaxy_deepseek_v4_pro_via_codex_r2,deepseek_v4_pro_via_codex,2,codex,,24,24,2,2,0,False,1.0,,,,
BixBench50,bix-38-q1,galaxy_deepseek_v4_pro_via_codex_r3,deepseek_v4_pro_via_codex,3,codex,,30,30,7,7,0,False,2.0,,,,
BixBench50,bix-41-q5,galaxy_codex_gpt_5_5_r1,codex_gpt_5_5,1,codex,,4,4,0,0,0,False,,,,,
BixBench50,bix-41-q5,galaxy_codex_gpt_5_5_r2,codex_gpt_5_5,2,codex,,6,6,0,0,0,False,,,,,
BixBench50,bix-41-q5,galaxy_codex_gpt_5_5_r3,codex_gpt_5_5,3,codex,,6,6,0,0,0,False,,,,,
BixBench50,bix-41-q5,galaxy_codex_gpt_5_6_luna_r1,codex_gpt_5_6_luna,1,codex,,26,26,1,1,0,False,,,,,
BixBench50,bix-41-q5,galaxy_codex_gpt_5_6_luna_r2,codex_gpt_5_6_luna,2,codex,,30,30,5,5,0,False,,,,,
BixBench50,bix-41-q5,galaxy_codex_gpt_5_6_luna_r3,codex_gpt_5_6_luna,3,codex,,103,103,9,9,0,False,,,,,
BixBench50,bix-41-q5,galaxy_codex_gpt_5_6_sol_r1,codex_gpt_5_6_sol,1,codex,,12,12,0,0,0,False,,,,,
BixBench50,bix-41-q5,galaxy_codex_gpt_5_6_sol_r2,codex_gpt_5_6_sol,2,codex,,27,27,0,0,0,False,,,,,
BixBench50,bix-41-q5,galaxy_codex_gpt_5_6_sol_r3,codex_gpt_5_6_sol,3,codex,,23,23,1,1,0,False,,,,,
BixBench50,bix-41-q5,galaxy_deepseek_v4_pro_via_claude_code_superseded_r1,deepseek_v4_pro_via_claude_code_superseded,1,claude_code,,23,23,7,7,0,False,,,,,
BixBench50,bix-41-q5,galaxy_deepseek_v4_pro_via_claude_code_superseded_r2,deepseek_v4_pro_via_claude_code_superseded,2,claude_code,,19,19,2,2,0,False,,,,,
BixBench50,bix-41-q5,galaxy_deepseek_v4_pro_via_claude_code_superseded_r3,deepseek_v4_pro_via_claude_code_superseded,3,claude_code,,19,19,3,3,0,False,,,,,
BixBench50,bix-41-q5,galaxy_deepseek_v4_pro_via_codex_r1,deepseek_v4_pro_via_codex,1,codex,,33,33,1,1,0,False,1.0,,,,
BixBench50,bix-41-q5,galaxy_deepseek_v4_pro_via_codex_r2,deepseek_v4_pro_via_codex,2,codex,,34,34,4,4,0,False,1.0,,,,
BixBench50,bix-41-q5,galaxy_deepseek_v4_pro_via_codex_r3,deepseek_v4_pro_via_codex,3,codex,,39,39,0,0,0,False,1.0,,,,
BixBench50,bix-43-q2,galaxy_codex_gpt_5_5_r1,codex_gpt_5_5,1,codex,,7,7,3,3,0,False,,,,,
BixBench50,bix-43-q2,galaxy_codex_gpt_5_5_r2,codex_gpt_5_5,2,codex,,11,11,1,1,0,False,,,,,
BixBench50,bix-43-q2,galaxy_codex_gpt_5_5_r3,codex_gpt_5_5,3,codex,,6,6,2,2,0,False,,,,,
BixBench50,bix-43-q2,galaxy_codex_gpt_5_6_luna_r1,codex_gpt_5_6_luna,1,codex,,18,18,0,0,0,False,,,,,
BixBench50,bix-43-q2,galaxy_codex_gpt_5_6_luna_r2,codex_gpt_5_6_luna,2,codex,,20,20,4,4,0,False,,,,,
BixBench50,bix-43-q2,galaxy_codex_gpt_5_6_luna_r3,codex_gpt_5_6_luna,3,codex,,36,36,2,2,0,False,,,,,
BixBench50,bix-43-q2,galaxy_codex_gpt_5_6_sol_r1,codex_gpt_5_6_sol,1,codex,,12,12,1,1,0,False,,,,,
BixBench50,bix-43-q2,galaxy_codex_gpt_5_6_sol_r2,codex_gpt_5_6_sol,2,codex,,13,13,1,1,0,False,,,,,
BixBench50,bix-43-q2,galaxy_codex_gpt_5_6_sol_r3,codex_gpt_5_6_sol,3,codex,,12,12,0,0,0,False,,,,,
BixBench50,bix-43-q2,galaxy_deepseek_v4_pro_via_claude_code_superseded_r1,deepseek_v4_pro_via_claude_code_superseded,1,claude_code,,16,16,4,4,0,False,,,,,
BixBench50,bix-43-q2,galaxy_deepseek_v4_pro_via_claude_code_superseded_r2,deepseek_v4_pro_via_claude_code_superseded,2,claude_code,,21,21,11,11,0,False,,,,,
BixBench50,bix-43-q2,galaxy_deepseek_v4_pro_via_claude_code_superseded_r3,deepseek_v4_pro_via_claude_code_superseded,3,claude_code,,17,17,5,5,0,False,,,,,
BixBench50,bix-43-q2,galaxy_deepseek_v4_pro_via_codex_r1,deepseek_v4_pro_via_codex,1,codex,,0,0,0,0,0,False,1.0,,,,
BixBench50,bix-43-q2,galaxy_deepseek_v4_pro_via_codex_r2,deepseek_v4_pro_via_codex,2,codex,,5,5,0,0,0,False,222.0,,,,
BixBench50,bix-43-q2,galaxy_deepseek_v4_pro_via_codex_r3,deepseek_v4_pro_via_codex,3,codex,,2,2,0,0,0,False,2.0,,,,
BixBench50,bix-43-q4,galaxy_codex_gpt_5_5_r1,codex_gpt_5_5,1,codex,,11,11,0,0,0,False,,,,,
BixBench50,bix-43-q4,galaxy_codex_gpt_5_5_r2,codex_gpt_5_5,2,codex,,9,9,0,0,0,False,,,,,
BixBench50,bix-43-q4,galaxy_codex_gpt_5_5_r3,codex_gpt_5_5,3,codex,,18,18,3,3,0,False,,,,,
BixBench50,bix-43-q4,galaxy_codex_gpt_5_6_luna_r1,codex_gpt_5_6_luna,1,codex,,54,54,7,7,0,False,,,,,
BixBench50,bix-43-q4,galaxy_codex_gpt_5_6_luna_r2,codex_gpt_5_6_luna,2,codex,,50,50,3,3,0,False,,,,,
BixBench50,bix-43-q4,galaxy_codex_gpt_5_6_luna_r3,codex_gpt_5_6_luna,3,codex,,137,137,15,15,0,False,,,,,
BixBench50,bix-43-q4,galaxy_codex_gpt_5_6_sol_r1,codex_gpt_5_6_sol,1,codex,,38,38,4,4,0,False,,,,,
BixBench50,bix-43-q4,galaxy_codex_gpt_5_6_sol_r2,codex_gpt_5_6_sol,2,codex,,43,43,3,3,0,False,,,,,
BixBench50,bix-43-q4,galaxy_codex_gpt_5_6_sol_r3,codex_gpt_5_6_sol,3,codex,,16,16,0,0,0,False,,,,,
BixBench50,bix-43-q4,galaxy_deepseek_v4_pro_via_claude_code_superseded_r1,deepseek_v4_pro_via_claude_code_superseded,1,claude_code,,12,12,3,3,0,False,,,,,
BixBench50,bix-43-q4,galaxy_deepseek_v4_pro_via_claude_code_superseded_r2,deepseek_v4_pro_via_claude_code_superseded,2,claude_code,,16,16,4,4,0,False,,,,,
BixBench50,bix-43-q4,galaxy_deepseek_v4_pro_via_claude_code_superseded_r3,deepseek_v4_pro_via_claude_code_superseded,3,claude_code,,11,11,2,2,0,False,,,,,
BixBench50,bix-43-q4,galaxy_deepseek_v4_pro_via_codex_r1,deepseek_v4_pro_via_codex,1,codex,,1,1,0,0,0,False,5.0,,,,
BixBench50,bix-43-q4,galaxy_deepseek_v4_pro_via_codex_r2,deepseek_v4_pro_via_codex,2,codex,,2,2,0,0,0,False,213.0,,,,
BixBench50,bix-43-q4,galaxy_deepseek_v4_pro_via_codex_r3,deepseek_v4_pro_via_codex,3,codex,,0,0,0,0,0,False,203.0,,,,
BixBench50,bix-45-q1,galaxy_codex_gpt_5_5_r1,codex_gpt_5_5,1,codex,,7,7,0,0,0,False,,,,,
BixBench50,bix-45-q1,galaxy_codex_gpt_5_5_r2,codex_gpt_5_5,2,codex,,12,12,0,0,0,False,,,,,
BixBench50,bix-45-q1,galaxy_codex_gpt_5_5_r3,codex_gpt_5_5,3,codex,,8,8,0,0,0,False,,,,,
BixBench50,bix-45-q1,galaxy_codex_gpt_5_6_luna_r1,codex_gpt_5_6_luna,1,codex,,19,19,0,0,0,False,,,,,
BixBench50,bix-45-q1,galaxy_codex_gpt_5_6_luna_r2,codex_gpt_5_6_luna,2,codex,,23,23,0,0,0,False,,,,,
BixBench50,bix-45-q1,galaxy_codex_gpt_5_6_luna_r3,codex_gpt_5_6_luna,3,codex,,32,32,3,3,0,False,,,,,
BixBench50,bix-45-q1,galaxy_codex_gpt_5_6_sol_r1,codex_gpt_5_6_sol,1,codex,,14,14,0,0,0,False,,,,,
BixBench50,bix-45-q1,galaxy_codex_gpt_5_6_sol_r2,codex_gpt_5_6_sol,2,codex,,18,18,0,0,0,False,,,,,
BixBench50,bix-45-q1,galaxy_codex_gpt_5_6_sol_r3,codex_gpt_5_6_sol,3,codex,,19,19,2,2,0,False,,,,,
BixBench50,bix-45-q1,galaxy_deepseek_v4_pro_via_claude_code_superseded_r1,deepseek_v4_pro_via_claude_code_superseded,1,claude_code,,24,24,4,4,0,False,,,,,
BixBench50,bix-45-q1,galaxy_deepseek_v4_pro_via_claude_code_superseded_r2,deepseek_v4_pro_via_claude_code_superseded,2,claude_code,,23,23,7,7,0,False,,,,,
BixBench50,bix-45-q1,galaxy_deepseek_v4_pro_via_claude_code_superseded_r3,deepseek_v4_pro_via_claude_code_superseded,3,claude_code,,25,25,9,9,0,False,,,,,
BixBench50,bix-45-q1,galaxy_deepseek_v4_pro_via_codex_r1,deepseek_v4_pro_via_codex,1,codex,,38,38,5,5,0,False,1.0,,,,
BixBench50,bix-45-q1,galaxy_deepseek_v4_pro_via_codex_r2,deepseek_v4_pro_via_codex,2,codex,,20,20,2,2,0,False,1.0,,,,
BixBench50,bix-45-q1,galaxy_deepseek_v4_pro_via_codex_r3,deepseek_v4_pro_via_codex,3,codex,,28,28,5,5,0,False,1.0,,,,
BixBench50,bix-46-q4,galaxy_codex_gpt_5_5_r1,codex_gpt_5_5,1,codex,,10,10,1,1,0,False,,,,,
BixBench50,bix-46-q4,galaxy_codex_gpt_5_5_r2,codex_gpt_5_5,2,codex,,9,9,2,2,0,False,,,,,
BixBench50,bix-46-q4,galaxy_codex_gpt_5_5_r3,codex_gpt_5_5,3,codex,,9,9,1,1,0,False,,,,,
BixBench50,bix-46-q4,galaxy_codex_gpt_5_6_luna_r1,codex_gpt_5_6_luna,1,codex,,15,15,1,1,0,False,,,,,
BixBench50,bix-46-q4,galaxy_codex_gpt_5_6_luna_r2,codex_gpt_5_6_luna,2,codex,,49,49,3,3,0,False,,,,,
BixBench50,bix-46-q4,galaxy_codex_gpt_5_6_luna_r3,codex_gpt_5_6_luna,3,codex,,18,18,0,0,0,False,,,,,
BixBench50,bix-46-q4,galaxy_codex_gpt_5_6_sol_r1,codex_gpt_5_6_sol,1,codex,,8,8,0,0,0,False,,,,,
BixBench50,bix-46-q4,galaxy_codex_gpt_5_6_sol_r2,codex_gpt_5_6_sol,2,codex,,15,15,0,0,0,False,,,,,
BixBench50,bix-46-q4,galaxy_codex_gpt_5_6_sol_r3,codex_gpt_5_6_sol,3,codex,,10,10,0,0,0,False,,,,,
BixBench50,bix-46-q4,galaxy_deepseek_v4_pro_via_claude_code_superseded_r1,deepseek_v4_pro_via_claude_code_superseded,1,claude_code,,12,12,4,4,0,False,,,,,
BixBench50,bix-46-q4,galaxy_deepseek_v4_pro_via_claude_code_superseded_r2,deepseek_v4_pro_via_claude_code_superseded,2,claude_code,,10,10,4,4,0,False,,,,,
BixBench50,bix-46-q4,galaxy_deepseek_v4_pro_via_claude_code_superseded_r3,deepseek_v4_pro_via_claude_code_superseded,3,claude_code,,10,10,4,4,0,False,,,,,
BixBench50,bix-46-q4,galaxy_deepseek_v4_pro_via_codex_r1,deepseek_v4_pro_via_codex,1,codex,,9,9,0,0,0,False,19.0,,,,
BixBench50,bix-46-q4,galaxy_deepseek_v4_pro_via_codex_r2,deepseek_v4_pro_via_codex,2,codex,,9,9,0,0,0,False,2.0,,,,
BixBench50,bix-46-q4,galaxy_deepseek_v4_pro_via_codex_r3,deepseek_v4_pro_via_codex,3,codex,,15,15,3,3,0,False,1.0,,,,
BixBench50,bix-47-q3,galaxy_codex_gpt_5_5_r1,codex_gpt_5_5,1,codex,,11,11,3,3,0,False,,,,,
BixBench50,bix-47-q3,galaxy_codex_gpt_5_5_r2,codex_gpt_5_5,2,codex,,7,7,2,2,0,False,,,,,
BixBench50,bix-47-q3,galaxy_codex_gpt_5_5_r3,codex_gpt_5_5,3,codex,,12,12,3,3,0,False,,,,,
BixBench50,bix-47-q3,galaxy_codex_gpt_5_6_luna_r1,codex_gpt_5_6_luna,1,codex,,43,43,9,9,0,False,,,,,
BixBench50,bix-47-q3,galaxy_codex_gpt_5_6_luna_r2,codex_gpt_5_6_luna,2,codex,,46,46,3,3,0,False,,,,,
BixBench50,bix-47-q3,galaxy_codex_gpt_5_6_luna_r3,codex_gpt_5_6_luna,3,codex,,55,55,2,2,0,False,,,,,
BixBench50,bix-47-q3,galaxy_codex_gpt_5_6_sol_r1,codex_gpt_5_6_sol,1,codex,,40,40,1,1,0,False,,,,,
BixBench50,bix-47-q3,galaxy_codex_gpt_5_6_sol_r2,codex_gpt_5_6_sol,2,codex,,34,34,0,0,0,False,,,,,
BixBench50,bix-47-q3,galaxy_codex_gpt_5_6_sol_r3,codex_gpt_5_6_sol,3,codex,,13,13,2,2,0,False,,,,,
BixBench50,bix-47-q3,galaxy_deepseek_v4_pro_via_claude_code_superseded_r1,deepseek_v4_pro_via_claude_code_superseded,1,claude_code,,30,30,1,1,0,False,,,,,
BixBench50,bix-47-q3,galaxy_deepseek_v4_pro_via_claude_code_superseded_r2,deepseek_v4_pro_via_claude_code_superseded,2,claude_code,,31,31,0,0,0,False,,,,,
BixBench50,bix-47-q3,galaxy_deepseek_v4_pro_via_claude_code_superseded_r3,deepseek_v4_pro_via_claude_code_superseded,3,claude_code,,34,34,1,1,0,False,,,,,
BixBench50,bix-47-q3,galaxy_deepseek_v4_pro_via_codex_r1,deepseek_v4_pro_via_codex,1,codex,,2,2,0,0,0,False,1.0,,,,
BixBench50,bix-47-q3,galaxy_deepseek_v4_pro_via_codex_r2,deepseek_v4_pro_via_codex,2,codex,,1,1,0,0,0,False,1.0,,,,
BixBench50,bix-47-q3,galaxy_deepseek_v4_pro_via_codex_r3,deepseek_v4_pro_via_codex,3,codex,,0,0,0,0,0,False,1.0,,,,
BixBench50,bix-49-q4,galaxy_codex_gpt_5_5_r1,codex_gpt_5_5,1,codex,,16,16,2,2,0,False,,,,,
BixBench50,bix-49-q4,galaxy_codex_gpt_5_5_r2,codex_gpt_5_5,2,codex,,10,10,0,0,0,False,,,,,
BixBench50,bix-49-q4,galaxy_codex_gpt_5_5_r3,codex_gpt_5_5,3,codex,,5,5,0,0,0,False,,,,,
BixBench50,bix-49-q4,galaxy_codex_gpt_5_6_luna_r1,codex_gpt_5_6_luna,1,codex,,74,74,2,2,0,False,,,,,
BixBench50,bix-49-q4,galaxy_codex_gpt_5_6_luna_r2,codex_gpt_5_6_luna,2,codex,,99,99,6,6,0,False,,,,,
BixBench50,bix-49-q4,galaxy_codex_gpt_5_6_luna_r3,codex_gpt_5_6_luna,3,codex,,102,102,32,32,0,False,,,,,
BixBench50,bix-49-q4,galaxy_codex_gpt_5_6_sol_r1,codex_gpt_5_6_sol,1,codex,,14,14,0,0,0,False,,,,,
BixBench50,bix-49-q4,galaxy_codex_gpt_5_6_sol_r2,codex_gpt_5_6_sol,2,codex,,14,14,1,1,0,False,,,,,
BixBench50,bix-49-q4,galaxy_codex_gpt_5_6_sol_r3,codex_gpt_5_6_sol,3,codex,,11,11,0,0,0,False,,,,,
BixBench50,bix-49-q4,galaxy_deepseek_v4_pro_via_claude_code_superseded_r1,deepseek_v4_pro_via_claude_code_superseded,1,claude_code,,14,14,7,7,0,False,,,,,
BixBench50,bix-49-q4,galaxy_deepseek_v4_pro_via_claude_code_superseded_r2,deepseek_v4_pro_via_claude_code_superseded,2,claude_code,,18,18,6,6,0,False,,,,,
BixBench50,bix-49-q4,galaxy_deepseek_v4_pro_via_claude_code_superseded_r3,deepseek_v4_pro_via_claude_code_superseded,3,claude_code,,12,12,5,5,0,False,,,,,
BixBench50,bix-49-q4,galaxy_deepseek_v4_pro_via_codex_r1,deepseek_v4_pro_via_codex,1,codex,,20,20,3,3,0,False,2.0,,,,
BixBench50,bix-49-q4,galaxy_deepseek_v4_pro_via_codex_r2,deepseek_v4_pro_via_codex,2,codex,,63,63,1,1,0,False,1.0,,,,
BixBench50,bix-49-q4,galaxy_deepseek_v4_pro_via_codex_r3,deepseek_v4_pro_via_codex,3,codex,,47,47,1,1,0,False,1.0,,,,
BixBench50,bix-51-q2,galaxy_codex_gpt_5_5_r1,codex_gpt_5_5,1,codex,,12,12,1,1,0,False,,,,,
BixBench50,bix-51-q2,galaxy_codex_gpt_5_5_r2,codex_gpt_5_5,2,codex,,11,11,3,3,0,False,,,,,
BixBench50,bix-51-q2,galaxy_codex_gpt_5_5_r3,codex_gpt_5_5,3,codex,,5,5,0,0,0,False,,,,,
BixBench50,bix-51-q2,galaxy_codex_gpt_5_6_luna_r1,codex_gpt_5_6_luna,1,codex,,19,19,2,2,0,False,,,,,
BixBench50,bix-51-q2,galaxy_codex_gpt_5_6_luna_r2,codex_gpt_5_6_luna,2,codex,,17,17,2,2,0,False,,,,,
BixBench50,bix-51-q2,galaxy_codex_gpt_5_6_luna_r3,codex_gpt_5_6_luna,3,codex,,16,16,2,2,0,False,,,,,
BixBench50,bix-51-q2,galaxy_codex_gpt_5_6_sol_r1,codex_gpt_5_6_sol,1,codex,,9,9,0,0,0,False,,,,,
BixBench50,bix-51-q2,galaxy_codex_gpt_5_6_sol_r2,codex_gpt_5_6_sol,2,codex,,14,14,1,1,0,False,,,,,
BixBench50,bix-51-q2,galaxy_codex_gpt_5_6_sol_r3,codex_gpt_5_6_sol,3,codex,,14,14,0,0,0,False,,,,,
BixBench50,bix-51-q2,galaxy_deepseek_v4_pro_via_claude_code_superseded_r1,deepseek_v4_pro_via_claude_code_superseded,1,claude_code,,24,24,7,7,0,False,,,,,
BixBench50,bix-51-q2,galaxy_deepseek_v4_pro_via_claude_code_superseded_r2,deepseek_v4_pro_via_claude_code_superseded,2,claude_code,,16,16,1,1,0,False,,,,,
BixBench50,bix-51-q2,galaxy_deepseek_v4_pro_via_claude_code_superseded_r3,deepseek_v4_pro_via_claude_code_superseded,3,claude_code,,21,21,7,7,0,False,,,,,
BixBench50,bix-51-q2,galaxy_deepseek_v4_pro_via_codex_r1,deepseek_v4_pro_via_codex,1,codex,,2,2,0,0,0,False,13.0,,,,
BixBench50,bix-51-q2,galaxy_deepseek_v4_pro_via_codex_r2,deepseek_v4_pro_via_codex,2,codex,,0,0,0,0,0,False,65.0,,,,
BixBench50,bix-51-q2,galaxy_deepseek_v4_pro_via_codex_r3,deepseek_v4_pro_via_codex,3,codex,,1,1,0,0,0,False,1.0,,,,
BixBench50,bix-51-q8,galaxy_codex_gpt_5_5_r1,codex_gpt_5_5,1,codex,,10,10,4,4,0,False,,,,,
BixBench50,bix-51-q8,galaxy_codex_gpt_5_5_r2,codex_gpt_5_5,2,codex,,9,9,0,0,0,False,,,,,
BixBench50,bix-51-q8,galaxy_codex_gpt_5_5_r3,codex_gpt_5_5,3,codex,,9,9,0,0,0,False,,,,,
BixBench50,bix-51-q8,galaxy_codex_gpt_5_6_luna_r1,codex_gpt_5_6_luna,1,codex,,44,44,3,3,0,False,,,,,
BixBench50,bix-51-q8,galaxy_codex_gpt_5_6_luna_r2,codex_gpt_5_6_luna,2,codex,,54,54,1,1,0,False,,,,,
BixBench50,bix-51-q8,galaxy_codex_gpt_5_6_luna_r3,codex_gpt_5_6_luna,3,codex,,51,51,2,2,0,False,,,,,
BixBench50,bix-51-q8,galaxy_codex_gpt_5_6_sol_r1,codex_gpt_5_6_sol,1,codex,,30,30,3,3,0,False,,,,,
BixBench50,bix-51-q8,galaxy_codex_gpt_5_6_sol_r2,codex_gpt_5_6_sol,2,codex,,13,13,0,0,0,False,,,,,
BixBench50,bix-51-q8,galaxy_codex_gpt_5_6_sol_r3,codex_gpt_5_6_sol,3,codex,,38,38,3,3,0,False,,,,,
BixBench50,bix-51-q8,galaxy_deepseek_v4_pro_via_claude_code_superseded_r1,deepseek_v4_pro_via_claude_code_superseded,1,claude_code,,12,12,1,1,0,False,,,,,
BixBench50,bix-51-q8,galaxy_deepseek_v4_pro_via_claude_code_superseded_r2,deepseek_v4_pro_via_claude_code_superseded,2,claude_code,,15,15,2,2,0,False,,,,,
BixBench50,bix-51-q8,galaxy_deepseek_v4_pro_via_claude_code_superseded_r3,deepseek_v4_pro_via_claude_code_superseded,3,claude_code,,14,14,6,6,0,False,,,,,
BixBench50,bix-51-q8,galaxy_deepseek_v4_pro_via_codex_r1,deepseek_v4_pro_via_codex,1,codex,,1,1,0,0,0,False,1.0,,,,
BixBench50,bix-51-q8,galaxy_deepseek_v4_pro_via_codex_r2,deepseek_v4_pro_via_codex,2,codex,,2,2,0,0,0,False,1.0,,,,
BixBench50,bix-51-q8,galaxy_deepseek_v4_pro_via_codex_r3,deepseek_v4_pro_via_codex,3,codex,,1,1,0,0,0,False,1.0,,,,
BixBench50,bix-52-q2,galaxy_codex_gpt_5_5_r1,codex_gpt_5_5,1,codex,,6,6,0,0,0,False,,,,,
BixBench50,bix-52-q2,galaxy_codex_gpt_5_5_r2,codex_gpt_5_5,2,codex,,6,6,1,1,0,False,,,,,
BixBench50,bix-52-q2,galaxy_codex_gpt_5_5_r3,codex_gpt_5_5,3,codex,,7,7,0,0,0,False,,,,,
BixBench50,bix-52-q2,galaxy_codex_gpt_5_6_luna_r1,codex_gpt_5_6_luna,1,codex,,66,66,2,2,0,False,,,,,
BixBench50,bix-52-q2,galaxy_codex_gpt_5_6_luna_r2,codex_gpt_5_6_luna,2,codex,,106,106,9,9,0,False,,,,,
BixBench50,bix-52-q2,galaxy_codex_gpt_5_6_luna_r3,codex_gpt_5_6_luna,3,codex,,55,55,4,4,0,False,,,,,
BixBench50,bix-52-q2,galaxy_codex_gpt_5_6_sol_r1,codex_gpt_5_6_sol,1,codex,,47,47,0,0,0,False,,,,,
BixBench50,bix-52-q2,galaxy_codex_gpt_5_6_sol_r2,codex_gpt_5_6_sol,2,codex,,48,48,2,2,0,False,,,,,
BixBench50,bix-52-q2,galaxy_codex_gpt_5_6_sol_r3,codex_gpt_5_6_sol,3,codex,,43,43,1,1,0,False,,,,,
BixBench50,bix-52-q2,galaxy_deepseek_v4_pro_via_claude_code_superseded_r1,deepseek_v4_pro_via_claude_code_superseded,1,claude_code,,39,39,5,5,0,False,,,,,
BixBench50,bix-52-q2,galaxy_deepseek_v4_pro_via_claude_code_superseded_r2,deepseek_v4_pro_via_claude_code_superseded,2,claude_code,,38,38,12,12,0,False,,,,,
BixBench50,bix-52-q2,galaxy_deepseek_v4_pro_via_claude_code_superseded_r3,deepseek_v4_pro_via_claude_code_superseded,3,claude_code,,34,34,3,3,0,False,,,,,
BixBench50,bix-52-q2,galaxy_deepseek_v4_pro_via_codex_r1,deepseek_v4_pro_via_codex,1,codex,,59,59,7,7,0,False,1.0,,,,
BixBench50,bix-52-q2,galaxy_deepseek_v4_pro_via_codex_r2,deepseek_v4_pro_via_codex,2,codex,,51,51,5,5,0,False,25.0,,,,
BixBench50,bix-52-q2,galaxy_deepseek_v4_pro_via_codex_r3,deepseek_v4_pro_via_codex,3,codex,,47,47,5,5,0,False,19.0,,,,
BixBench50,bix-52-q6,galaxy_codex_gpt_5_5_r1,codex_gpt_5_5,1,codex,,6,6,0,0,0,False,,,,,
BixBench50,bix-52-q6,galaxy_codex_gpt_5_5_r2,codex_gpt_5_5,2,codex,,4,4,0,0,0,False,,,,,
BixBench50,bix-52-q6,galaxy_codex_gpt_5_5_r3,codex_gpt_5_5,3,codex,,29,29,0,0,0,False,,,,,
BixBench50,bix-52-q6,galaxy_codex_gpt_5_6_luna_r1,codex_gpt_5_6_luna,1,codex,,52,52,1,1,0,False,,,,,
BixBench50,bix-52-q6,galaxy_codex_gpt_5_6_luna_r2,codex_gpt_5_6_luna,2,codex,,59,59,4,4,0,False,,,,,
BixBench50,bix-52-q6,galaxy_codex_gpt_5_6_luna_r3,codex_gpt_5_6_luna,3,codex,,54,54,3,3,0,False,,,,,
BixBench50,bix-52-q6,galaxy_codex_gpt_5_6_sol_r1,codex_gpt_5_6_sol,1,codex,,30,30,0,0,0,False,,,,,
BixBench50,bix-52-q6,galaxy_codex_gpt_5_6_sol_r2,codex_gpt_5_6_sol,2,codex,,31,31,0,0,0,False,,,,,
BixBench50,bix-52-q6,galaxy_codex_gpt_5_6_sol_r3,codex_gpt_5_6_sol,3,codex,,27,27,0,0,0,False,,,,,
BixBench50,bix-52-q6,galaxy_deepseek_v4_pro_via_claude_code_superseded_r1,deepseek_v4_pro_via_claude_code_superseded,1,claude_code,,25,25,3,3,0,False,,,,,
BixBench50,bix-52-q6,galaxy_deepseek_v4_pro_via_claude_code_superseded_r2,deepseek_v4_pro_via_claude_code_superseded,2,claude_code,,28,28,4,4,0,False,,,,,
BixBench50,bix-52-q6,galaxy_deepseek_v4_pro_via_claude_code_superseded_r3,deepseek_v4_pro_via_claude_code_superseded,3,claude_code,,31,31,3,3,0,False,,,,,
BixBench50,bix-52-q6,galaxy_deepseek_v4_pro_via_codex_r1,deepseek_v4_pro_via_codex,1,codex,,41,41,1,1,0,False,1.0,,,,
BixBench50,bix-52-q6,galaxy_deepseek_v4_pro_via_codex_r2,deepseek_v4_pro_via_codex,2,codex,,39,39,1,1,0,False,1.0,,,,
BixBench50,bix-52-q6,galaxy_deepseek_v4_pro_via_codex_r3,deepseek_v4_pro_via_codex,3,codex,,38,38,4,4,0,False,1.0,,,,
BixBench50,bix-52-q7,galaxy_codex_gpt_5_5_r1,codex_gpt_5_5,1,codex,,8,8,0,0,0,False,,,,,
BixBench50,bix-52-q7,galaxy_codex_gpt_5_5_r2,codex_gpt_5_5,2,codex,,8,8,0,0,0,False,,,,,
BixBench50,bix-52-q7,galaxy_codex_gpt_5_5_r3,codex_gpt_5_5,3,codex,,8,8,0,0,0,False,,,,,
BixBench50,bix-52-q7,galaxy_codex_gpt_5_6_luna_r1,codex_gpt_5_6_luna,1,codex,,34,34,1,1,0,False,,,,,
BixBench50,bix-52-q7,galaxy_codex_gpt_5_6_luna_r2,codex_gpt_5_6_luna,2,codex,,32,32,4,4,0,False,,,,,
BixBench50,bix-52-q7,galaxy_codex_gpt_5_6_luna_r3,codex_gpt_5_6_luna,3,codex,,49,49,5,5,0,False,,,,,
BixBench50,bix-52-q7,galaxy_codex_gpt_5_6_sol_r1,codex_gpt_5_6_sol,1,codex,,19,19,0,0,0,False,,,,,
BixBench50,bix-52-q7,galaxy_codex_gpt_5_6_sol_r2,codex_gpt_5_6_sol,2,codex,,18,18,4,4,0,False,,,,,
BixBench50,bix-52-q7,galaxy_codex_gpt_5_6_sol_r3,codex_gpt_5_6_sol,3,codex,,14,14,0,0,0,False,,,,,
BixBench50,bix-52-q7,galaxy_deepseek_v4_pro_via_claude_code_superseded_r1,deepseek_v4_pro_via_claude_code_superseded,1,claude_code,,26,26,3,3,0,False,,,,,
BixBench50,bix-52-q7,galaxy_deepseek_v4_pro_via_claude_code_superseded_r2,deepseek_v4_pro_via_claude_code_superseded,2,claude_code,,28,28,5,5,0,False,,,,,
BixBench50,bix-52-q7,galaxy_deepseek_v4_pro_via_claude_code_superseded_r3,deepseek_v4_pro_via_claude_code_superseded,3,claude_code,,24,24,2,2,0,False,,,,,
BixBench50,bix-52-q7,galaxy_deepseek_v4_pro_via_codex_r1,deepseek_v4_pro_via_codex,1,codex,,23,23,0,0,0,False,1.0,,,,
BixBench50,bix-52-q7,galaxy_deepseek_v4_pro_via_codex_r2,deepseek_v4_pro_via_codex,2,codex,,18,18,0,0,0,False,1.0,,,,
BixBench50,bix-52-q7,galaxy_deepseek_v4_pro_via_codex_r3,deepseek_v4_pro_via_codex,3,codex,,27,27,1,1,0,False,1.0,,,,
BixBench50,bix-53-q2,galaxy_codex_gpt_5_5_r1,codex_gpt_5_5,1,codex,,7,7,0,0,0,False,,,,,
BixBench50,bix-53-q2,galaxy_codex_gpt_5_5_r2,codex_gpt_5_5,2,codex,,10,10,0,0,0,False,,,,,
BixBench50,bix-53-q2,galaxy_codex_gpt_5_5_r3,codex_gpt_5_5,3,codex,,6,6,0,0,0,False,,,,,
BixBench50,bix-53-q2,galaxy_codex_gpt_5_6_luna_r1,codex_gpt_5_6_luna,1,codex,,32,32,7,7,0,False,,,,,
BixBench50,bix-53-q2,galaxy_codex_gpt_5_6_luna_r2,codex_gpt_5_6_luna,2,codex,,28,28,3,3,0,False,,,,,
BixBench50,bix-53-q2,galaxy_codex_gpt_5_6_luna_r3,codex_gpt_5_6_luna,3,codex,,52,52,14,14,0,False,,,,,
BixBench50,bix-53-q2,galaxy_codex_gpt_5_6_sol_r1,codex_gpt_5_6_sol,1,codex,,20,20,0,0,0,False,,,,,
BixBench50,bix-53-q2,galaxy_codex_gpt_5_6_sol_r2,codex_gpt_5_6_sol,2,codex,,24,24,2,2,0,False,,,,,
BixBench50,bix-53-q2,galaxy_codex_gpt_5_6_sol_r3,codex_gpt_5_6_sol,3,codex,,16,16,1,1,0,False,,,,,
BixBench50,bix-53-q2,galaxy_deepseek_v4_pro_via_claude_code_superseded_r1,deepseek_v4_pro_via_claude_code_superseded,1,claude_code,,9,9,2,2,0,False,,,,,
BixBench50,bix-53-q2,galaxy_deepseek_v4_pro_via_claude_code_superseded_r2,deepseek_v4_pro_via_claude_code_superseded,2,claude_code,,24,24,8,8,0,False,,,,,
BixBench50,bix-53-q2,galaxy_deepseek_v4_pro_via_claude_code_superseded_r3,deepseek_v4_pro_via_claude_code_superseded,3,claude_code,,13,13,4,4,0,False,,,,,
BixBench50,bix-53-q2,galaxy_deepseek_v4_pro_via_codex_r1,deepseek_v4_pro_via_codex,1,codex,,16,16,0,0,0,False,1.0,,,,
BixBench50,bix-53-q2,galaxy_deepseek_v4_pro_via_codex_r2,deepseek_v4_pro_via_codex,2,codex,,17,17,1,1,0,False,1.0,,,,
BixBench50,bix-53-q2,galaxy_deepseek_v4_pro_via_codex_r3,deepseek_v4_pro_via_codex,3,codex,,14,14,1,1,0,False,1.0,,,,
BixBench50,bix-53-q5,galaxy_codex_gpt_5_5_r1,codex_gpt_5_5,1,codex,,5,5,1,1,0,False,,,,,
BixBench50,bix-53-q5,galaxy_codex_gpt_5_5_r2,codex_gpt_5_5,2,codex,,5,5,0,0,0,False,,,,,
BixBench50,bix-53-q5,galaxy_codex_gpt_5_5_r3,codex_gpt_5_5,3,codex,,17,17,1,1,0,False,,,,,
BixBench50,bix-53-q5,galaxy_codex_gpt_5_6_luna_r1,codex_gpt_5_6_luna,1,codex,,52,52,7,7,0,False,,,,,
BixBench50,bix-53-q5,galaxy_codex_gpt_5_6_luna_r2,codex_gpt_5_6_luna,2,codex,,68,68,5,5,0,False,,,,,
BixBench50,bix-53-q5,galaxy_codex_gpt_5_6_luna_r3,codex_gpt_5_6_luna,3,codex,,72,72,6,6,0,False,,,,,
BixBench50,bix-53-q5,galaxy_codex_gpt_5_6_sol_r1,codex_gpt_5_6_sol,1,codex,,44,44,2,2,0,False,,,,,
BixBench50,bix-53-q5,galaxy_codex_gpt_5_6_sol_r2,codex_gpt_5_6_sol,2,codex,,32,32,3,3,0,False,,,,,
BixBench50,bix-53-q5,galaxy_codex_gpt_5_6_sol_r3,codex_gpt_5_6_sol,3,codex,,42,42,2,2,0,False,,,,,
BixBench50,bix-53-q5,galaxy_deepseek_v4_pro_via_claude_code_superseded_r1,deepseek_v4_pro_via_claude_code_superseded,1,claude_code,,27,27,8,8,0,False,,,,,
BixBench50,bix-53-q5,galaxy_deepseek_v4_pro_via_claude_code_superseded_r2,deepseek_v4_pro_via_claude_code_superseded,2,claude_code,,18,18,3,3,0,False,,,,,
BixBench50,bix-53-q5,galaxy_deepseek_v4_pro_via_claude_code_superseded_r3,deepseek_v4_pro_via_claude_code_superseded,3,claude_code,,20,20,4,4,0,False,,,,,
BixBench50,bix-53-q5,galaxy_deepseek_v4_pro_via_codex_r1,deepseek_v4_pro_via_codex,1,codex,,58,58,3,3,0,False,2.0,,,,
BixBench50,bix-53-q5,galaxy_deepseek_v4_pro_via_codex_r2,deepseek_v4_pro_via_codex,2,codex,,50,50,4,4,0,False,14.0,13.0,13.0,,
BixBench50,bix-53-q5,galaxy_deepseek_v4_pro_via_codex_r3,deepseek_v4_pro_via_codex,3,codex,,41,41,3,3,0,False,1.0,,,,
BixBench50,bix-54-q7,galaxy_codex_gpt_5_5_r1,codex_gpt_5_5,1,codex,,6,6,0,0,0,False,,,,,
BixBench50,bix-54-q7,galaxy_codex_gpt_5_5_r2,codex_gpt_5_5,2,codex,,5,5,0,0,0,False,,,,,
BixBench50,bix-54-q7,galaxy_codex_gpt_5_5_r3,codex_gpt_5_5,3,codex,,6,6,0,0,0,False,,,,,
BixBench50,bix-54-q7,galaxy_codex_gpt_5_6_luna_r1,codex_gpt_5_6_luna,1,codex,,8,8,3,3,0,False,,,,,
BixBench50,bix-54-q7,galaxy_codex_gpt_5_6_luna_r2,codex_gpt_5_6_luna,2,codex,,11,11,2,2,0,False,,,,,
BixBench50,bix-54-q7,galaxy_codex_gpt_5_6_luna_r3,codex_gpt_5_6_luna,3,codex,,16,16,1,1,0,False,,,,,
BixBench50,bix-54-q7,galaxy_codex_gpt_5_6_sol_r1,codex_gpt_5_6_sol,1,codex,,10,10,4,4,0,False,,,,,
BixBench50,bix-54-q7,galaxy_codex_gpt_5_6_sol_r2,codex_gpt_5_6_sol,2,codex,,6,6,0,0,0,False,,,,,
BixBench50,bix-54-q7,galaxy_codex_gpt_5_6_sol_r3,codex_gpt_5_6_sol,3,codex,,10,10,2,2,0,False,,,,,
BixBench50,bix-54-q7,galaxy_deepseek_v4_pro_via_claude_code_superseded_r1,deepseek_v4_pro_via_claude_code_superseded,1,claude_code,,6,6,2,2,0,False,,,,,
BixBench50,bix-54-q7,galaxy_deepseek_v4_pro_via_claude_code_superseded_r2,deepseek_v4_pro_via_claude_code_superseded,2,claude_code,,13,13,3,3,0,False,,,,,
BixBench50,bix-54-q7,galaxy_deepseek_v4_pro_via_claude_code_superseded_r3,deepseek_v4_pro_via_claude_code_superseded,3,claude_code,,16,16,9,9,0,False,,,,,
BixBench50,bix-54-q7,galaxy_deepseek_v4_pro_via_codex_r1,deepseek_v4_pro_via_codex,1,codex,,1,1,0,0,0,False,1.0,,,,
BixBench50,bix-54-q7,galaxy_deepseek_v4_pro_via_codex_r2,deepseek_v4_pro_via_codex,2,codex,,1,1,0,0,0,False,1.0,,,,
BixBench50,bix-54-q7,galaxy_deepseek_v4_pro_via_codex_r3,deepseek_v4_pro_via_codex,3,codex,,1,1,0,0,0,False,1.0,,,,
BixBench50,bix-55-q1,galaxy_codex_gpt_5_5_r1,codex_gpt_5_5,1,codex,,8,8,2,2,0,False,,,,,
BixBench50,bix-55-q1,galaxy_codex_gpt_5_5_r2,codex_gpt_5_5,2,codex,,6,6,1,1,0,False,,,,,
BixBench50,bix-55-q1,galaxy_codex_gpt_5_5_r3,codex_gpt_5_5,3,codex,,7,7,1,1,0,False,,,,,
BixBench50,bix-55-q1,galaxy_codex_gpt_5_6_luna_r1,codex_gpt_5_6_luna,1,codex,,50,50,4,4,0,False,,,,,
BixBench50,bix-55-q1,galaxy_codex_gpt_5_6_luna_r2,codex_gpt_5_6_luna,2,codex,,63,63,9,9,0,False,,,,,
BixBench50,bix-55-q1,galaxy_codex_gpt_5_6_luna_r3,codex_gpt_5_6_luna,3,codex,,50,50,4,4,0,False,,,,,
BixBench50,bix-55-q1,galaxy_codex_gpt_5_6_sol_r1,codex_gpt_5_6_sol,1,codex,,8,8,1,1,0,False,,,,,
BixBench50,bix-55-q1,galaxy_codex_gpt_5_6_sol_r2,codex_gpt_5_6_sol,2,codex,,9,9,1,1,0,False,,,,,
BixBench50,bix-55-q1,galaxy_codex_gpt_5_6_sol_r3,codex_gpt_5_6_sol,3,codex,,14,14,1,1,0,False,,,,,
BixBench50,bix-55-q1,galaxy_deepseek_v4_pro_via_claude_code_superseded_r1,deepseek_v4_pro_via_claude_code_superseded,1,claude_code,,18,18,3,3,0,False,,,,,
BixBench50,bix-55-q1,galaxy_deepseek_v4_pro_via_claude_code_superseded_r2,deepseek_v4_pro_via_claude_code_superseded,2,claude_code,,23,23,7,7,0,False,,,,,
BixBench50,bix-55-q1,galaxy_deepseek_v4_pro_via_claude_code_superseded_r3,deepseek_v4_pro_via_claude_code_superseded,3,claude_code,,23,23,5,5,0,False,,,,,
BixBench50,bix-55-q1,galaxy_deepseek_v4_pro_via_codex_r1,deepseek_v4_pro_via_codex,1,codex,,15,15,2,2,0,False,1.0,,,,
BixBench50,bix-55-q1,galaxy_deepseek_v4_pro_via_codex_r2,deepseek_v4_pro_via_codex,2,codex,,19,19,4,4,0,False,1.0,,,,
BixBench50,bix-55-q1,galaxy_deepseek_v4_pro_via_codex_r3,deepseek_v4_pro_via_codex,3,codex,,58,58,5,5,0,False,11.0,,,,
BixBench50,bix-6-q4,galaxy_codex_gpt_5_5_r1,codex_gpt_5_5,1,codex,,17,17,5,5,0,False,,,,,
BixBench50,bix-6-q4,galaxy_codex_gpt_5_5_r2,codex_gpt_5_5,2,codex,,15,15,1,1,0,False,,,,,
BixBench50,bix-6-q4,galaxy_codex_gpt_5_5_r3,codex_gpt_5_5,3,codex,,18,18,0,0,0,False,,,,,
BixBench50,bix-6-q4,galaxy_codex_gpt_5_6_luna_r1,codex_gpt_5_6_luna,1,codex,,69,69,12,12,0,False,,,,,
BixBench50,bix-6-q4,galaxy_codex_gpt_5_6_luna_r2,codex_gpt_5_6_luna,2,codex,,52,52,5,5,0,False,,,,,
BixBench50,bix-6-q4,galaxy_codex_gpt_5_6_luna_r3,codex_gpt_5_6_luna,3,codex,,43,43,9,9,0,False,,,,,
BixBench50,bix-6-q4,galaxy_codex_gpt_5_6_sol_r1,codex_gpt_5_6_sol,1,codex,,34,34,3,3,0,False,,,,,
BixBench50,bix-6-q4,galaxy_codex_gpt_5_6_sol_r2,codex_gpt_5_6_sol,2,codex,,34,34,2,2,0,False,,,,,
BixBench50,bix-6-q4,galaxy_codex_gpt_5_6_sol_r3,codex_gpt_5_6_sol,3,codex,,32,32,2,2,0,False,,,,,
BixBench50,bix-6-q4,galaxy_deepseek_v4_pro_via_claude_code_superseded_r1,deepseek_v4_pro_via_claude_code_superseded,1,claude_code,,27,27,7,7,0,False,,,,,
BixBench50,bix-6-q4,galaxy_deepseek_v4_pro_via_claude_code_superseded_r2,deepseek_v4_pro_via_claude_code_superseded,2,claude_code,,11,11,1,1,0,False,,,,,
BixBench50,bix-6-q4,galaxy_deepseek_v4_pro_via_claude_code_superseded_r3,deepseek_v4_pro_via_claude_code_superseded,3,claude_code,,33,33,3,3,0,False,,,,,
BixBench50,bix-6-q4,galaxy_deepseek_v4_pro_via_codex_r1,deepseek_v4_pro_via_codex,1,codex,,64,64,5,5,0,False,1.0,,,,
BixBench50,bix-6-q4,galaxy_deepseek_v4_pro_via_codex_r2,deepseek_v4_pro_via_codex,2,codex,,48,48,4,4,0,False,1.0,,,,
BixBench50,bix-6-q4,galaxy_deepseek_v4_pro_via_codex_r3,deepseek_v4_pro_via_codex,3,codex,,48,48,3,3,0,False,1.0,,,,
BixBench50,bix-61-q2,galaxy_codex_gpt_5_5_r1,codex_gpt_5_5,1,codex,,9,9,0,0,0,False,,,,,
BixBench50,bix-61-q2,galaxy_codex_gpt_5_5_r2,codex_gpt_5_5,2,codex,,10,10,0,0,0,False,,,,,
BixBench50,bix-61-q2,galaxy_codex_gpt_5_5_r3,codex_gpt_5_5,3,codex,,9,9,0,0,0,False,,,,,
BixBench50,bix-61-q2,galaxy_codex_gpt_5_6_luna_r1,codex_gpt_5_6_luna,1,codex,,13,13,1,1,0,False,,,,,
BixBench50,bix-61-q2,galaxy_codex_gpt_5_6_luna_r2,codex_gpt_5_6_luna,2,codex,,26,26,6,6,0,False,,,,,
BixBench50,bix-61-q2,galaxy_codex_gpt_5_6_luna_r3,codex_gpt_5_6_luna,3,codex,,27,27,3,3,0,False,,,,,
BixBench50,bix-61-q2,galaxy_codex_gpt_5_6_sol_r1,codex_gpt_5_6_sol,1,codex,,17,17,0,0,0,False,,,,,
BixBench50,bix-61-q2,galaxy_codex_gpt_5_6_sol_r2,codex_gpt_5_6_sol,2,codex,,18,18,1,1,0,False,,,,,
BixBench50,bix-61-q2,galaxy_codex_gpt_5_6_sol_r3,codex_gpt_5_6_sol,3,codex,,16,16,1,1,0,False,,,,,
BixBench50,bix-61-q2,galaxy_deepseek_v4_pro_via_claude_code_superseded_r1,deepseek_v4_pro_via_claude_code_superseded,1,claude_code,,18,18,2,2,0,False,,,,,
BixBench50,bix-61-q2,galaxy_deepseek_v4_pro_via_claude_code_superseded_r2,deepseek_v4_pro_via_claude_code_superseded,2,claude_code,,12,12,2,2,0,False,,,,,
BixBench50,bix-61-q2,galaxy_deepseek_v4_pro_via_claude_code_superseded_r3,deepseek_v4_pro_via_claude_code_superseded,3,claude_code,,18,18,5,5,0,False,,,,,
BixBench50,bix-61-q2,galaxy_deepseek_v4_pro_via_codex_r1,deepseek_v4_pro_via_codex,1,codex,,19,19,3,3,0,False,1.0,,,,
BixBench50,bix-61-q2,galaxy_deepseek_v4_pro_via_codex_r2,deepseek_v4_pro_via_codex,2,codex,,17,17,1,1,0,False,1.0,,,,
BixBench50,bix-61-q2,galaxy_deepseek_v4_pro_via_codex_r3,deepseek_v4_pro_via_codex,3,codex,,11,11,0,0,0,False,1.0,,,,
BixBench50,bix-61-q5,galaxy_codex_gpt_5_5_r1,codex_gpt_5_5,1,codex,,4,4,1,1,0,False,,,,,
BixBench50,bix-61-q5,galaxy_codex_gpt_5_5_r2,codex_gpt_5_5,2,codex,,5,5,0,0,0,False,,,,,
BixBench50,bix-61-q5,galaxy_codex_gpt_5_5_r3,codex_gpt_5_5,3,codex,,6,6,0,0,0,False,,,,,
BixBench50,bix-61-q5,galaxy_codex_gpt_5_6_luna_r1,codex_gpt_5_6_luna,1,codex,,11,11,0,0,0,False,,,,,
BixBench50,bix-61-q5,galaxy_codex_gpt_5_6_luna_r2,codex_gpt_5_6_luna,2,codex,,10,10,2,2,0,False,,,,,
BixBench50,bix-61-q5,galaxy_codex_gpt_5_6_luna_r3,codex_gpt_5_6_luna,3,codex,,13,13,0,0,0,False,,,,,
BixBench50,bix-61-q5,galaxy_codex_gpt_5_6_sol_r1,codex_gpt_5_6_sol,1,codex,,5,5,0,0,0,False,,,,,
BixBench50,bix-61-q5,galaxy_codex_gpt_5_6_sol_r2,codex_gpt_5_6_sol,2,codex,,6,6,0,0,0,False,,,,,
BixBench50,bix-61-q5,galaxy_codex_gpt_5_6_sol_r3,codex_gpt_5_6_sol,3,codex,,7,7,0,0,0,False,,,,,
BixBench50,bix-61-q5,galaxy_deepseek_v4_pro_via_claude_code_superseded_r1,deepseek_v4_pro_via_claude_code_superseded,1,claude_code,,11,11,1,1,0,False,,,,,
BixBench50,bix-61-q5,galaxy_deepseek_v4_pro_via_claude_code_superseded_r2,deepseek_v4_pro_via_claude_code_superseded,2,claude_code,,9,9,2,2,0,False,,,,,
BixBench50,bix-61-q5,galaxy_deepseek_v4_pro_via_claude_code_superseded_r3,deepseek_v4_pro_via_claude_code_superseded,3,claude_code,,8,8,3,3,0,False,,,,,
BixBench50,bix-61-q5,galaxy_deepseek_v4_pro_via_codex_r1,deepseek_v4_pro_via_codex,1,codex,,2,2,0,0,0,False,15.0,,,,
BixBench50,bix-61-q5,galaxy_deepseek_v4_pro_via_codex_r2,deepseek_v4_pro_via_codex,2,codex,,1,1,0,0,0,False,1.0,,,,
BixBench50,bix-61-q5,galaxy_deepseek_v4_pro_via_codex_r3,deepseek_v4_pro_via_codex,3,codex,,0,0,0,0,0,False,1.0,,,,
CompBio,1000G-retrieve-genotype-q1,galaxy_codex_deepseek_v4_pro_0813_r1,codex_deepseek_v4_pro_0813,1,codex,,18,18,3,3,0,False,,,,,
CompBio,1000G-retrieve-genotype-q1,galaxy_codex_deepseek_v4_pro_0813_r2,codex_deepseek_v4_pro_0813,2,codex,,19,19,1,1,0,False,,,,,
CompBio,1000G-retrieve-genotype-q1,galaxy_codex_deepseek_v4_pro_0813_r3,codex_deepseek_v4_pro_0813,3,codex,,20,20,1,1,0,False,,,,,
CompBio,1000G-retrieve-genotype-q1,galaxy_codex_gpt_5_5_r1,codex_gpt_5_5,1,codex,,2,2,0,0,0,False,,,,,
CompBio,1000G-retrieve-genotype-q1,galaxy_codex_gpt_5_5_r2,codex_gpt_5_5,2,codex,,4,4,1,1,0,False,,,,,
CompBio,1000G-retrieve-genotype-q1,galaxy_codex_gpt_5_5_r3,codex_gpt_5_5,3,codex,,27,27,4,4,0,False,,,,,
CompBio,1000G-retrieve-genotype-q1,galaxy_codex_gpt_5_6_luna_r1,codex_gpt_5_6_luna,1,codex,,36,36,5,5,0,False,,,,,
CompBio,1000G-retrieve-genotype-q1,galaxy_codex_gpt_5_6_luna_r2,codex_gpt_5_6_luna,2,codex,,18,18,1,1,0,False,,,,,
CompBio,1000G-retrieve-genotype-q1,galaxy_codex_gpt_5_6_luna_r3,codex_gpt_5_6_luna,3,codex,,24,24,1,1,0,False,,,,,
CompBio,1000G-retrieve-genotype-q1,galaxy_codex_gpt_5_6_sol_r1,codex_gpt_5_6_sol,1,codex,,7,7,1,1,0,False,,,,,
CompBio,1000G-retrieve-genotype-q1,galaxy_codex_gpt_5_6_sol_r2,codex_gpt_5_6_sol,2,codex,,2,2,0,0,0,False,,,,,
CompBio,1000G-retrieve-genotype-q1,galaxy_codex_gpt_5_6_sol_r3,codex_gpt_5_6_sol,3,codex,,5,5,1,1,0,False,,,,,
CompBio,1000G-retrieve-genotype-q2,galaxy_codex_deepseek_v4_pro_0813_r1,codex_deepseek_v4_pro_0813,1,codex,,16,16,0,0,0,False,,,,,
CompBio,1000G-retrieve-genotype-q2,galaxy_codex_deepseek_v4_pro_0813_r2,codex_deepseek_v4_pro_0813,2,codex,,0,0,0,0,0,False,,,,,
CompBio,1000G-retrieve-genotype-q2,galaxy_codex_deepseek_v4_pro_0813_r3,codex_deepseek_v4_pro_0813,3,codex,,75,75,8,8,0,True,,,,,3.0
CompBio,1000G-retrieve-genotype-q2,galaxy_codex_gpt_5_5_r1,codex_gpt_5_5,1,codex,,7,7,0,0,0,False,,,,,
CompBio,1000G-retrieve-genotype-q2,galaxy_codex_gpt_5_5_r2,codex_gpt_5_5,2,codex,,6,6,0,0,0,False,,,,,
CompBio,1000G-retrieve-genotype-q2,galaxy_codex_gpt_5_5_r3,codex_gpt_5_5,3,codex,,25,25,3,3,0,False,,,,,
CompBio,1000G-retrieve-genotype-q2,galaxy_codex_gpt_5_6_luna_r2,codex_gpt_5_6_luna,2,codex,,41,41,3,3,0,False,,,,,
CompBio,1000G-retrieve-genotype-q2,galaxy_codex_gpt_5_6_luna_r3,codex_gpt_5_6_luna,3,codex,,304,304,32,32,0,True,,,,,4.0
CompBio,1000G-retrieve-genotype-q2,galaxy_codex_gpt_5_6_sol_r1,codex_gpt_5_6_sol,1,codex,,6,6,1,1,0,False,,,,,
CompBio,1000G-retrieve-genotype-q2,galaxy_codex_gpt_5_6_sol_r2,codex_gpt_5_6_sol,2,codex,,12,12,1,1,0,False,,,,,
CompBio,1000G-retrieve-genotype-q2,galaxy_codex_gpt_5_6_sol_r3,codex_gpt_5_6_sol,3,codex,,7,7,0,0,0,False,,,,,
CompBio,afgr-1000g-intersect-atac-q1,galaxy_codex_deepseek_v4_pro_0813_r1,codex_deepseek_v4_pro_0813,1,codex,,45,45,4,4,0,False,,,,,
CompBio,afgr-1000g-intersect-atac-q1,galaxy_codex_deepseek_v4_pro_0813_r2,codex_deepseek_v4_pro_0813,2,codex,,49,49,1,1,0,False,,,,,
CompBio,afgr-1000g-intersect-atac-q1,galaxy_codex_deepseek_v4_pro_0813_r3,codex_deepseek_v4_pro_0813,3,codex,,35,35,4,4,0,False,,,,,
CompBio,afgr-1000g-intersect-atac-q1,galaxy_codex_gpt_5_5_r1,codex_gpt_5_5,1,codex,,5,5,2,2,0,False,,,,,
CompBio,afgr-1000g-intersect-atac-q1,galaxy_codex_gpt_5_5_r2,codex_gpt_5_5,2,codex,,5,5,1,1,0,False,,,,,
CompBio,afgr-1000g-intersect-atac-q1,galaxy_codex_gpt_5_5_r3,codex_gpt_5_5,3,codex,,52,52,9,9,0,False,,,,,
CompBio,afgr-1000g-intersect-atac-q1,galaxy_codex_gpt_5_6_luna_r1,codex_gpt_5_6_luna,1,codex,,32,32,5,5,0,False,,,,,
CompBio,afgr-1000g-intersect-atac-q1,galaxy_codex_gpt_5_6_luna_r2,codex_gpt_5_6_luna,2,codex,,50,50,12,12,0,False,,,,,
CompBio,afgr-1000g-intersect-atac-q1,galaxy_codex_gpt_5_6_luna_r3,codex_gpt_5_6_luna,3,codex,,12,12,1,1,0,False,,,,,
CompBio,afgr-1000g-intersect-atac-q1,galaxy_codex_gpt_5_6_sol_r1,codex_gpt_5_6_sol,1,codex,,25,25,3,3,0,False,,,,,
CompBio,afgr-1000g-intersect-atac-q1,galaxy_codex_gpt_5_6_sol_r2,codex_gpt_5_6_sol,2,codex,,4,4,0,0,0,False,,,,,
CompBio,afgr-1000g-intersect-atac-q1,galaxy_codex_gpt_5_6_sol_r3,codex_gpt_5_6_sol,3,codex,,6,6,0,0,0,False,,,,,
CompBio,align-one-sequence-to-reference-q1,galaxy_codex_deepseek_v4_pro_0813_r1,codex_deepseek_v4_pro_0813,1,codex,,17,17,2,2,0,False,,,,,
CompBio,align-one-sequence-to-reference-q1,galaxy_codex_deepseek_v4_pro_0813_r2,codex_deepseek_v4_pro_0813,2,codex,,1,1,0,0,0,False,,,,,
CompBio,align-one-sequence-to-reference-q1,galaxy_codex_deepseek_v4_pro_0813_r3,codex_deepseek_v4_pro_0813,3,codex,,21,21,0,0,0,False,,,,,
CompBio,align-one-sequence-to-reference-q1,galaxy_codex_gpt_5_5_r1,codex_gpt_5_5,1,codex,,2,2,0,0,0,False,,,,,
CompBio,align-one-sequence-to-reference-q1,galaxy_codex_gpt_5_5_r2,codex_gpt_5_5,2,codex,,13,13,0,0,0,False,,,,,
CompBio,align-one-sequence-to-reference-q1,galaxy_codex_gpt_5_5_r3,codex_gpt_5_5,3,codex,,18,18,2,2,0,False,,,,,
CompBio,align-one-sequence-to-reference-q1,galaxy_codex_gpt_5_6_luna_r1,codex_gpt_5_6_luna,1,codex,,30,30,1,1,0,False,,,,,
CompBio,align-one-sequence-to-reference-q1,galaxy_codex_gpt_5_6_luna_r2,codex_gpt_5_6_luna,2,codex,,8,8,1,1,0,False,,,,,
CompBio,align-one-sequence-to-reference-q1,galaxy_codex_gpt_5_6_luna_r3,codex_gpt_5_6_luna,3,codex,,11,11,3,3,0,False,,,,,
CompBio,align-one-sequence-to-reference-q1,galaxy_codex_gpt_5_6_sol_r1,codex_gpt_5_6_sol,1,codex,,34,34,4,4,0,False,,,,,
CompBio,align-one-sequence-to-reference-q1,galaxy_codex_gpt_5_6_sol_r2,codex_gpt_5_6_sol,2,codex,,4,4,0,0,0,False,,,,,
CompBio,align-one-sequence-to-reference-q1,galaxy_codex_gpt_5_6_sol_r3,codex_gpt_5_6_sol,3,codex,,11,11,0,0,0,False,,,,,
CompBio,annotate-variant-gene-impact-q1,galaxy_codex_deepseek_v4_pro_0813_r1,codex_deepseek_v4_pro_0813,1,codex,,19,19,1,1,0,False,,,,,
CompBio,annotate-variant-gene-impact-q1,galaxy_codex_deepseek_v4_pro_0813_r2,codex_deepseek_v4_pro_0813,2,codex,,13,13,1,1,0,False,,,,,
CompBio,annotate-variant-gene-impact-q1,galaxy_codex_deepseek_v4_pro_0813_r3,codex_deepseek_v4_pro_0813,3,codex,,33,33,4,4,0,False,,,,,
CompBio,annotate-variant-gene-impact-q1,galaxy_codex_gpt_5_5_r1,codex_gpt_5_5,1,codex,,19,19,1,1,0,False,,,,,
CompBio,annotate-variant-gene-impact-q1,galaxy_codex_gpt_5_5_r2,codex_gpt_5_5,2,codex,,3,3,0,0,0,False,,,,,
CompBio,annotate-variant-gene-impact-q1,galaxy_codex_gpt_5_5_r3,codex_gpt_5_5,3,codex,,16,16,2,2,0,False,,,,,
CompBio,annotate-variant-gene-impact-q1,galaxy_codex_gpt_5_6_luna_r1,codex_gpt_5_6_luna,1,codex,,47,47,3,3,0,False,,,,,
CompBio,annotate-variant-gene-impact-q1,galaxy_codex_gpt_5_6_luna_r2,codex_gpt_5_6_luna,2,codex,,48,48,3,3,0,False,,,,,
CompBio,annotate-variant-gene-impact-q1,galaxy_codex_gpt_5_6_luna_r3,codex_gpt_5_6_luna,3,codex,,37,37,2,2,0,False,,,,,
CompBio,annotate-variant-gene-impact-q1,galaxy_codex_gpt_5_6_sol_r1,codex_gpt_5_6_sol,1,codex,,21,21,1,1,0,False,,,,,
CompBio,annotate-variant-gene-impact-q1,galaxy_codex_gpt_5_6_sol_r2,codex_gpt_5_6_sol,2,codex,,5,5,2,2,0,False,,,,,
CompBio,annotate-variant-gene-impact-q1,galaxy_codex_gpt_5_6_sol_r3,codex_gpt_5_6_sol,3,codex,,2,2,0,0,0,False,,,,,
CompBio,annotate-variant-gene-impact-q2,galaxy_codex_deepseek_v4_pro_0813_r1,codex_deepseek_v4_pro_0813,1,codex,,7,7,0,0,0,False,,,,,
CompBio,annotate-variant-gene-impact-q2,galaxy_codex_deepseek_v4_pro_0813_r2,codex_deepseek_v4_pro_0813,2,codex,,1,1,0,0,0,False,,,,,
CompBio,annotate-variant-gene-impact-q2,galaxy_codex_deepseek_v4_pro_0813_r3,codex_deepseek_v4_pro_0813,3,codex,,6,6,2,2,0,False,,,,,
CompBio,annotate-variant-gene-impact-q2,galaxy_codex_gpt_5_5_r1,codex_gpt_5_5,1,codex,,4,4,0,0,0,False,,,,,
CompBio,annotate-variant-gene-impact-q2,galaxy_codex_gpt_5_5_r2,codex_gpt_5_5,2,codex,,2,2,0,0,0,False,,,,,
CompBio,annotate-variant-gene-impact-q2,galaxy_codex_gpt_5_5_r3,codex_gpt_5_5,3,codex,,10,10,1,1,0,False,,,,,
CompBio,annotate-variant-gene-impact-q2,galaxy_codex_gpt_5_6_luna_r1,codex_gpt_5_6_luna,1,codex,,16,16,2,2,0,False,,,,,
CompBio,annotate-variant-gene-impact-q2,galaxy_codex_gpt_5_6_luna_r2,codex_gpt_5_6_luna,2,codex,,22,22,1,1,0,False,,,,,
CompBio,annotate-variant-gene-impact-q2,galaxy_codex_gpt_5_6_luna_r3,codex_gpt_5_6_luna,3,codex,,26,26,3,3,0,False,,,,,
CompBio,annotate-variant-gene-impact-q2,galaxy_codex_gpt_5_6_sol_r1,codex_gpt_5_6_sol,1,codex,,15,15,5,5,0,False,,,,,
CompBio,annotate-variant-gene-impact-q2,galaxy_codex_gpt_5_6_sol_r2,codex_gpt_5_6_sol,2,codex,,2,2,0,0,0,False,,,,,
CompBio,annotate-variant-gene-impact-q2,galaxy_codex_gpt_5_6_sol_r3,codex_gpt_5_6_sol,3,codex,,4,4,1,1,0,False,,,,,
CompBio,annotate-variant-regulatory-overlap-q1,galaxy_codex_deepseek_v4_pro_0813_r1,codex_deepseek_v4_pro_0813,1,codex,,18,18,2,2,0,False,,,,,
CompBio,annotate-variant-regulatory-overlap-q1,galaxy_codex_deepseek_v4_pro_0813_r2,codex_deepseek_v4_pro_0813,2,codex,,0,0,0,0,0,False,,,,,
CompBio,annotate-variant-regulatory-overlap-q1,galaxy_codex_deepseek_v4_pro_0813_r3,codex_deepseek_v4_pro_0813,3,codex,,15,15,2,2,0,False,,,,,
CompBio,annotate-variant-regulatory-overlap-q1,galaxy_codex_gpt_5_5_r1,codex_gpt_5_5,1,codex,,7,7,1,1,0,False,,,,,
CompBio,annotate-variant-regulatory-overlap-q1,galaxy_codex_gpt_5_5_r2,codex_gpt_5_5,2,codex,,2,2,0,0,0,False,,,,,
CompBio,annotate-variant-regulatory-overlap-q1,galaxy_codex_gpt_5_5_r3,codex_gpt_5_5,3,codex,,20,20,3,3,0,False,,,,,
CompBio,annotate-variant-regulatory-overlap-q1,galaxy_codex_gpt_5_6_luna_r1,codex_gpt_5_6_luna,1,codex,,12,12,0,0,0,False,,,,,
CompBio,annotate-variant-regulatory-overlap-q1,galaxy_codex_gpt_5_6_luna_r2,codex_gpt_5_6_luna,2,codex,,12,12,0,0,0,False,,,,,
CompBio,annotate-variant-regulatory-overlap-q1,galaxy_codex_gpt_5_6_luna_r3,codex_gpt_5_6_luna,3,codex,,25,25,3,3,0,False,,,,,
CompBio,annotate-variant-regulatory-overlap-q1,galaxy_codex_gpt_5_6_sol_r1,codex_gpt_5_6_sol,1,codex,,18,18,4,4,0,False,,,,,
CompBio,annotate-variant-regulatory-overlap-q1,galaxy_codex_gpt_5_6_sol_r2,codex_gpt_5_6_sol,2,codex,,5,5,0,0,0,False,,,,,
CompBio,annotate-variant-regulatory-overlap-q1,galaxy_codex_gpt_5_6_sol_r3,codex_gpt_5_6_sol,3,codex,,6,6,0,0,0,False,,,,,
CompBio,atac-doublet-q1,galaxy_codex_deepseek_v4_pro_0813_r1,codex_deepseek_v4_pro_0813,1,codex,,36,36,2,2,0,False,,,,,
CompBio,atac-doublet-q1,galaxy_codex_deepseek_v4_pro_0813_r2,codex_deepseek_v4_pro_0813,2,codex,,2,2,0,0,0,False,,,,,
CompBio,atac-doublet-q1,galaxy_codex_deepseek_v4_pro_0813_r3,codex_deepseek_v4_pro_0813,3,codex,,104,104,13,13,0,False,,,,,
CompBio,atac-doublet-q1,galaxy_codex_gpt_5_5_r1,codex_gpt_5_5,1,codex,,6,6,0,0,0,False,,,,,
CompBio,atac-doublet-q1,galaxy_codex_gpt_5_5_r2,codex_gpt_5_5,2,codex,,5,5,0,0,0,False,,,,,
CompBio,atac-doublet-q1,galaxy_codex_gpt_5_5_r3,codex_gpt_5_5,3,codex,,4,4,0,0,0,False,,,,,
CompBio,atac-doublet-q1,galaxy_codex_gpt_5_6_luna_r1,codex_gpt_5_6_luna,1,codex,,72,72,5,5,0,False,,,,,
CompBio,atac-doublet-q1,galaxy_codex_gpt_5_6_luna_r2,codex_gpt_5_6_luna,2,codex,,86,86,7,7,0,False,,,,,
CompBio,atac-doublet-q1,galaxy_codex_gpt_5_6_luna_r3,codex_gpt_5_6_luna,3,codex,,59,59,5,5,0,False,,,,,
CompBio,atac-doublet-q1,galaxy_codex_gpt_5_6_sol_r1,codex_gpt_5_6_sol,1,codex,,43,43,4,4,0,False,,,,,
CompBio,atac-doublet-q1,galaxy_codex_gpt_5_6_sol_r2,codex_gpt_5_6_sol,2,codex,,58,58,1,1,0,False,,,,,
CompBio,atac-doublet-q1,galaxy_codex_gpt_5_6_sol_r3,codex_gpt_5_6_sol,3,codex,,25,25,5,5,0,False,,,,,
CompBio,atac-tn5-shift-q1,galaxy_codex_deepseek_v4_pro_0813_r1,codex_deepseek_v4_pro_0813,1,codex,,88,88,9,9,0,False,,,,,
CompBio,atac-tn5-shift-q1,galaxy_codex_deepseek_v4_pro_0813_r2,codex_deepseek_v4_pro_0813,2,codex,,2,2,0,0,0,False,,,,,
CompBio,atac-tn5-shift-q1,galaxy_codex_deepseek_v4_pro_0813_r3,codex_deepseek_v4_pro_0813,3,codex,,319,319,28,28,0,True,,,,,9.0
CompBio,atac-tn5-shift-q1,galaxy_codex_gpt_5_5_r1,codex_gpt_5_5,1,codex,,6,6,0,0,0,False,,,,,
CompBio,atac-tn5-shift-q1,galaxy_codex_gpt_5_5_r2,codex_gpt_5_5,2,codex,,5,5,3,3,0,True,,,,,2.0
CompBio,atac-tn5-shift-q1,galaxy_codex_gpt_5_5_r3,codex_gpt_5_5,3,codex,,13,13,4,4,0,False,,,,,
CompBio,atac-tn5-shift-q1,galaxy_codex_gpt_5_6_luna_r1,codex_gpt_5_6_luna,1,codex,,152,152,21,21,0,False,,,,,
CompBio,atac-tn5-shift-q1,galaxy_codex_gpt_5_6_luna_r2,codex_gpt_5_6_luna,2,codex,,149,149,26,26,0,True,,,,,2.0
CompBio,atac-tn5-shift-q1,galaxy_codex_gpt_5_6_luna_r3,codex_gpt_5_6_luna,3,codex,,46,46,3,3,0,False,,,,,
CompBio,atac-tn5-shift-q1,galaxy_codex_gpt_5_6_sol_r1,codex_gpt_5_6_sol,1,codex,,22,22,5,5,0,False,,,,,
CompBio,atac-tn5-shift-q1,galaxy_codex_gpt_5_6_sol_r2,codex_gpt_5_6_sol,2,codex,,12,12,1,1,0,False,,,,,
CompBio,atac-tn5-shift-q1,galaxy_codex_gpt_5_6_sol_r3,codex_gpt_5_6_sol,3,codex,,17,17,1,1,0,False,,,,,
CompBio,bam-infer-read-length-q1,galaxy_codex_deepseek_v4_pro_0813_r1,codex_deepseek_v4_pro_0813,1,codex,,0,0,0,0,0,False,,,,,
CompBio,bam-infer-read-length-q1,galaxy_codex_deepseek_v4_pro_0813_r2,codex_deepseek_v4_pro_0813,2,codex,,0,0,0,0,0,False,,,,,
CompBio,bam-infer-read-length-q1,galaxy_codex_deepseek_v4_pro_0813_r3,codex_deepseek_v4_pro_0813,3,codex,,11,11,2,2,0,False,,,,,
CompBio,bam-infer-read-length-q1,galaxy_codex_gpt_5_5_r1,codex_gpt_5_5,1,codex,,4,4,0,0,0,False,,,,,
CompBio,bam-infer-read-length-q1,galaxy_codex_gpt_5_5_r2,codex_gpt_5_5,2,codex,,5,5,0,0,0,False,,,,,
CompBio,bam-infer-read-length-q1,galaxy_codex_gpt_5_5_r3,codex_gpt_5_5,3,codex,,6,6,0,0,0,False,,,,,
CompBio,bam-infer-read-length-q1,galaxy_codex_gpt_5_6_luna_r1,codex_gpt_5_6_luna,1,codex,,6,6,0,0,0,False,,,,,
CompBio,bam-infer-read-length-q1,galaxy_codex_gpt_5_6_luna_r2,codex_gpt_5_6_luna,2,codex,,6,6,0,0,0,False,,,,,
CompBio,bam-infer-read-length-q1,galaxy_codex_gpt_5_6_luna_r3,codex_gpt_5_6_luna,3,codex,,5,5,0,0,0,False,,,,,
CompBio,bam-infer-read-length-q1,galaxy_codex_gpt_5_6_sol_r1,codex_gpt_5_6_sol,1,codex,,7,7,0,0,0,False,,,,,
CompBio,bam-infer-read-length-q1,galaxy_codex_gpt_5_6_sol_r2,codex_gpt_5_6_sol,2,codex,,5,5,0,0,0,False,,,,,
CompBio,bam-infer-read-length-q1,galaxy_codex_gpt_5_6_sol_r3,codex_gpt_5_6_sol,3,codex,,7,7,0,0,0,False,,,,,
CompBio,bam-ops-q1,galaxy_codex_deepseek_v4_pro_0813_r1,codex_deepseek_v4_pro_0813,1,codex,,7,7,1,1,0,False,,,,,
CompBio,bam-ops-q1,galaxy_codex_deepseek_v4_pro_0813_r2,codex_deepseek_v4_pro_0813,2,codex,,12,12,1,1,0,False,,,,,
CompBio,bam-ops-q1,galaxy_codex_deepseek_v4_pro_0813_r3,codex_deepseek_v4_pro_0813,3,codex,,10,10,1,1,0,False,,,,,
CompBio,bam-ops-q1,galaxy_codex_gpt_5_5_r1,codex_gpt_5_5,1,codex,,5,5,0,0,0,False,,,,,
CompBio,bam-ops-q1,galaxy_codex_gpt_5_5_r2,codex_gpt_5_5,2,codex,,4,4,0,0,0,False,,,,,
CompBio,bam-ops-q1,galaxy_codex_gpt_5_5_r3,codex_gpt_5_5,3,codex,,9,9,0,0,0,False,,,,,
CompBio,bam-ops-q1,galaxy_codex_gpt_5_6_luna_r1,codex_gpt_5_6_luna,1,codex,,8,8,1,1,0,False,,,,,
CompBio,bam-ops-q1,galaxy_codex_gpt_5_6_luna_r2,codex_gpt_5_6_luna,2,codex,,9,9,0,0,0,False,,,,,
CompBio,bam-ops-q1,galaxy_codex_gpt_5_6_luna_r3,codex_gpt_5_6_luna,3,codex,,12,12,0,0,0,False,,,,,
CompBio,bam-ops-q1,galaxy_codex_gpt_5_6_sol_r1,codex_gpt_5_6_sol,1,codex,,9,9,0,0,0,False,,,,,
CompBio,bam-ops-q1,galaxy_codex_gpt_5_6_sol_r2,codex_gpt_5_6_sol,2,codex,,9,9,0,0,0,False,,,,,
CompBio,bam-ops-q1,galaxy_codex_gpt_5_6_sol_r3,codex_gpt_5_6_sol,3,codex,,8,8,0,0,0,False,,,,,
CompBio,bedtools-chromhmm-q1,galaxy_codex_deepseek_v4_pro_0813_r1,codex_deepseek_v4_pro_0813,1,codex,,48,48,5,5,0,False,,,,,
CompBio,bedtools-chromhmm-q1,galaxy_codex_deepseek_v4_pro_0813_r2,codex_deepseek_v4_pro_0813,2,codex,,70,70,3,3,0,False,,,,,
CompBio,bedtools-chromhmm-q1,galaxy_codex_deepseek_v4_pro_0813_r3,codex_deepseek_v4_pro_0813,3,codex,,48,48,5,5,0,False,,,,,
CompBio,bedtools-chromhmm-q1,galaxy_codex_gpt_5_5_r1,codex_gpt_5_5,1,codex,,3,3,0,0,0,False,,,,,
CompBio,bedtools-chromhmm-q1,galaxy_codex_gpt_5_5_r2,codex_gpt_5_5,2,codex,,5,5,0,0,0,False,,,,,
CompBio,bedtools-chromhmm-q1,galaxy_codex_gpt_5_5_r3,codex_gpt_5_5,3,codex,,44,44,4,4,0,False,,,,,
CompBio,bedtools-chromhmm-q1,galaxy_codex_gpt_5_6_luna_r1,codex_gpt_5_6_luna,1,codex,,48,48,0,0,0,False,,,,,
CompBio,bedtools-chromhmm-q1,galaxy_codex_gpt_5_6_luna_r2,codex_gpt_5_6_luna,2,codex,,63,63,8,8,0,False,,,,,
CompBio,bedtools-chromhmm-q1,galaxy_codex_gpt_5_6_luna_r3,codex_gpt_5_6_luna,3,codex,,52,52,2,2,0,False,,,,,
CompBio,bedtools-chromhmm-q1,galaxy_codex_gpt_5_6_sol_r1,codex_gpt_5_6_sol,1,codex,,29,29,1,1,0,False,,,,,
CompBio,bedtools-chromhmm-q1,galaxy_codex_gpt_5_6_sol_r2,codex_gpt_5_6_sol,2,codex,,32,32,1,1,0,False,,,,,
CompBio,bedtools-chromhmm-q1,galaxy_codex_gpt_5_6_sol_r3,codex_gpt_5_6_sol,3,codex,,30,30,0,0,0,False,,,,,
CompBio,bedtools-ops-q1,galaxy_codex_deepseek_v4_pro_0813_r1,codex_deepseek_v4_pro_0813,1,codex,,52,52,0,0,0,False,,,,,
CompBio,bedtools-ops-q1,galaxy_codex_deepseek_v4_pro_0813_r2,codex_deepseek_v4_pro_0813,2,codex,,1,1,0,0,0,False,,,,,
CompBio,bedtools-ops-q1,galaxy_codex_deepseek_v4_pro_0813_r3,codex_deepseek_v4_pro_0813,3,codex,,74,74,4,4,0,False,,,,,
CompBio,bedtools-ops-q1,galaxy_codex_gpt_5_5_r1,codex_gpt_5_5,1,codex,,4,4,0,0,0,False,,,,,
CompBio,bedtools-ops-q1,galaxy_codex_gpt_5_5_r2,codex_gpt_5_5,2,codex,,6,6,0,0,0,False,,,,,
CompBio,bedtools-ops-q1,galaxy_codex_gpt_5_5_r3,codex_gpt_5_5,3,codex,,37,37,4,4,0,False,,,,,
CompBio,bedtools-ops-q1,galaxy_codex_gpt_5_6_luna_r1,codex_gpt_5_6_luna,1,codex,,60,60,1,1,0,False,,,,,
CompBio,bedtools-ops-q1,galaxy_codex_gpt_5_6_luna_r2,codex_gpt_5_6_luna,2,codex,,42,42,1,1,0,False,,,,,
CompBio,bedtools-ops-q1,galaxy_codex_gpt_5_6_luna_r3,codex_gpt_5_6_luna,3,codex,,51,51,1,1,0,False,,,,,
CompBio,bedtools-ops-q1,galaxy_codex_gpt_5_6_sol_r1,codex_gpt_5_6_sol,1,codex,,26,26,0,0,0,False,,,,,
CompBio,bedtools-ops-q1,galaxy_codex_gpt_5_6_sol_r2,codex_gpt_5_6_sol,2,codex,,49,49,0,0,0,False,,,,,
CompBio,bedtools-ops-q1,galaxy_codex_gpt_5_6_sol_r3,codex_gpt_5_6_sol,3,codex,,46,46,1,1,0,False,,,,,
CompBio,bigwig-density-q1,galaxy_codex_deepseek_v4_pro_0813_r1,codex_deepseek_v4_pro_0813,1,codex,,1,1,0,0,0,False,,,,,
CompBio,bigwig-density-q1,galaxy_codex_deepseek_v4_pro_0813_r2,codex_deepseek_v4_pro_0813,2,codex,,0,0,0,0,0,False,,,,,
CompBio,bigwig-density-q1,galaxy_codex_deepseek_v4_pro_0813_r3,codex_deepseek_v4_pro_0813,3,codex,,99,99,11,11,0,False,,,,,
CompBio,bigwig-density-q1,galaxy_codex_gpt_5_5_r1,codex_gpt_5_5,1,codex,,3,3,1,1,0,False,,,,,
CompBio,bigwig-density-q1,galaxy_codex_gpt_5_5_r2,codex_gpt_5_5,2,codex,,3,3,0,0,0,False,,,,,
CompBio,bigwig-density-q1,galaxy_codex_gpt_5_5_r3,codex_gpt_5_5,3,codex,,4,4,0,0,0,False,,,,,
CompBio,bigwig-density-q1,galaxy_codex_gpt_5_6_luna_r1,codex_gpt_5_6_luna,1,codex,,91,91,12,12,0,False,,,,,
CompBio,bigwig-density-q1,galaxy_codex_gpt_5_6_luna_r2,codex_gpt_5_6_luna,2,codex,,97,97,12,12,0,True,,,,,2.0
CompBio,bigwig-density-q1,galaxy_codex_gpt_5_6_luna_r3,codex_gpt_5_6_luna,3,codex,,28,28,8,8,0,False,,,,,
CompBio,bigwig-density-q1,galaxy_codex_gpt_5_6_sol_r1,codex_gpt_5_6_sol,1,codex,,37,37,6,6,0,False,,,,,
CompBio,bigwig-density-q1,galaxy_codex_gpt_5_6_sol_r2,codex_gpt_5_6_sol,2,codex,,30,30,2,2,0,False,,,,,
CompBio,bigwig-density-q1,galaxy_codex_gpt_5_6_sol_r3,codex_gpt_5_6_sol,3,codex,,22,22,1,1,0,False,,,,,
CompBio,borzoi-basic-q1,galaxy_codex_deepseek_v4_pro_0813_r1,codex_deepseek_v4_pro_0813,1,codex,,9,9,2,2,0,False,,,,,
CompBio,borzoi-basic-q1,galaxy_codex_deepseek_v4_pro_0813_r2,codex_deepseek_v4_pro_0813,2,codex,,1,1,0,0,0,False,,,,,
CompBio,borzoi-basic-q1,galaxy_codex_deepseek_v4_pro_0813_r3,codex_deepseek_v4_pro_0813,3,codex,,8,8,1,1,0,False,,,,,
CompBio,borzoi-basic-q1,galaxy_codex_gpt_5_5_r1,codex_gpt_5_5,1,codex,,2,2,0,0,0,False,,,,,
CompBio,borzoi-basic-q1,galaxy_codex_gpt_5_5_r2,codex_gpt_5_5,2,codex,,2,2,0,0,0,True,,,,,1.0
CompBio,borzoi-basic-q1,galaxy_codex_gpt_5_5_r3,codex_gpt_5_5,3,codex,,20,20,4,4,0,False,,,,,
CompBio,borzoi-basic-q1,galaxy_codex_gpt_5_6_luna_r1,codex_gpt_5_6_luna,1,codex,,10,10,3,3,0,False,,,,,
CompBio,borzoi-basic-q1,galaxy_codex_gpt_5_6_luna_r2,codex_gpt_5_6_luna,2,codex,,11,11,2,2,0,False,,,,,
CompBio,borzoi-basic-q1,galaxy_codex_gpt_5_6_luna_r3,codex_gpt_5_6_luna,3,codex,,9,9,2,2,0,False,,,,,
CompBio,borzoi-basic-q1,galaxy_codex_gpt_5_6_sol_r1,codex_gpt_5_6_sol,1,codex,,11,11,1,1,0,False,,,,,
CompBio,borzoi-basic-q1,galaxy_codex_gpt_5_6_sol_r2,codex_gpt_5_6_sol,2,codex,,3,3,0,0,0,False,,,,,
CompBio,borzoi-basic-q1,galaxy_codex_gpt_5_6_sol_r3,codex_gpt_5_6_sol,3,codex,,13,13,1,1,0,False,,,,,
CompBio,borzoi-rnaseq-q1,galaxy_codex_deepseek_v4_pro_0813_r1,codex_deepseek_v4_pro_0813,1,codex,,32,32,10,10,0,True,,,,,6.0
CompBio,borzoi-rnaseq-q1,galaxy_codex_deepseek_v4_pro_0813_r2,codex_deepseek_v4_pro_0813,2,codex,,29,29,7,7,0,True,,,,,4.0
CompBio,borzoi-rnaseq-q1,galaxy_codex_deepseek_v4_pro_0813_r3,codex_deepseek_v4_pro_0813,3,codex,,36,36,15,15,0,True,,,,,10.0
CompBio,borzoi-rnaseq-q1,galaxy_codex_gpt_5_5_r1,codex_gpt_5_5,1,codex,,8,8,3,3,0,False,,,,,
CompBio,borzoi-rnaseq-q1,galaxy_codex_gpt_5_5_r2,codex_gpt_5_5,2,codex,,3,3,0,0,0,False,,,,,
CompBio,borzoi-rnaseq-q1,galaxy_codex_gpt_5_5_r3,codex_gpt_5_5,3,codex,,13,13,5,5,0,False,,,,,
CompBio,borzoi-rnaseq-q1,galaxy_codex_gpt_5_6_luna_r1,codex_gpt_5_6_luna,1,codex,,75,75,18,18,0,True,,,,,3.0
CompBio,borzoi-rnaseq-q1,galaxy_codex_gpt_5_6_luna_r2,codex_gpt_5_6_luna,2,codex,,12,12,0,0,0,False,,,,,
CompBio,borzoi-rnaseq-q1,galaxy_codex_gpt_5_6_luna_r3,codex_gpt_5_6_luna,3,codex,,9,9,2,2,0,False,,,,,
CompBio,borzoi-rnaseq-q1,galaxy_codex_gpt_5_6_sol_r1,codex_gpt_5_6_sol,1,codex,,32,32,10,10,0,False,,,,,
CompBio,borzoi-rnaseq-q1,galaxy_codex_gpt_5_6_sol_r2,codex_gpt_5_6_sol,2,codex,,8,8,1,1,0,False,,,,,
CompBio,borzoi-rnaseq-q1,galaxy_codex_gpt_5_6_sol_r3,codex_gpt_5_6_sol,3,codex,,6,6,2,2,0,False,,,,,
CompBio,calculate-average-gene-expression-q1,galaxy_codex_deepseek_v4_pro_0813_r1,codex_deepseek_v4_pro_0813,1,codex,,1,1,0,0,0,False,,,,,
CompBio,calculate-average-gene-expression-q1,galaxy_codex_deepseek_v4_pro_0813_r2,codex_deepseek_v4_pro_0813,2,codex,,2,2,0,0,0,False,,,,,
CompBio,calculate-average-gene-expression-q1,galaxy_codex_deepseek_v4_pro_0813_r3,codex_deepseek_v4_pro_0813,3,codex,,50,50,4,4,0,False,,,,,
CompBio,calculate-average-gene-expression-q1,galaxy_codex_gpt_5_5_r1,codex_gpt_5_5,1,codex,,11,11,6,6,0,False,,,,,
CompBio,calculate-average-gene-expression-q1,galaxy_codex_gpt_5_5_r2,codex_gpt_5_5,2,codex,,9,9,0,0,0,False,,,,,
CompBio,calculate-average-gene-expression-q1,galaxy_codex_gpt_5_5_r3,codex_gpt_5_5,3,codex,,39,39,5,5,0,False,,,,,
CompBio,calculate-average-gene-expression-q1,galaxy_codex_gpt_5_6_luna_r1,codex_gpt_5_6_luna,1,codex,,37,37,6,6,0,False,,,,,
CompBio,calculate-average-gene-expression-q1,galaxy_codex_gpt_5_6_luna_r2,codex_gpt_5_6_luna,2,codex,,66,66,1,1,0,False,,,,,
CompBio,calculate-average-gene-expression-q1,galaxy_codex_gpt_5_6_luna_r3,codex_gpt_5_6_luna,3,codex,,67,67,9,9,0,False,,,,,
CompBio,calculate-average-gene-expression-q1,galaxy_codex_gpt_5_6_sol_r1,codex_gpt_5_6_sol,1,codex,,26,26,1,1,0,False,,,,,
CompBio,calculate-average-gene-expression-q1,galaxy_codex_gpt_5_6_sol_r2,codex_gpt_5_6_sol,2,codex,,5,5,0,0,0,False,,,,,
CompBio,calculate-average-gene-expression-q1,galaxy_codex_gpt_5_6_sol_r3,codex_gpt_5_6_sol,3,codex,,5,5,0,0,0,False,,,,,
CompBio,cell-proportions-q1,galaxy_codex_deepseek_v4_pro_0813_r1,codex_deepseek_v4_pro_0813,1,codex,,152,152,3,3,0,False,,,,,
CompBio,cell-proportions-q1,galaxy_codex_deepseek_v4_pro_0813_r2,codex_deepseek_v4_pro_0813,2,codex,,0,0,0,0,0,False,,,,,
CompBio,cell-proportions-q1,galaxy_codex_deepseek_v4_pro_0813_r3,codex_deepseek_v4_pro_0813,3,codex,,128,128,15,15,0,False,,,,,
CompBio,cell-proportions-q1,galaxy_codex_gpt_5_5_r1,codex_gpt_5_5,1,codex,,5,5,2,2,0,False,,,,,
CompBio,cell-proportions-q1,galaxy_codex_gpt_5_5_r2,codex_gpt_5_5,2,codex,,11,11,5,5,0,False,,,,,
CompBio,cell-proportions-q1,galaxy_codex_gpt_5_5_r3,codex_gpt_5_5,3,codex,,61,61,7,7,0,False,,,,,
CompBio,cell-proportions-q1,galaxy_codex_gpt_5_6_luna_r1,codex_gpt_5_6_luna,1,codex,,11,11,1,1,0,False,,,,,
CompBio,cell-proportions-q1,galaxy_codex_gpt_5_6_luna_r2,codex_gpt_5_6_luna,2,codex,,24,24,2,2,0,False,,,,,
CompBio,cell-proportions-q1,galaxy_codex_gpt_5_6_luna_r3,codex_gpt_5_6_luna,3,codex,,113,113,13,13,0,False,,,,,
CompBio,cell-proportions-q1,galaxy_codex_gpt_5_6_sol_r1,codex_gpt_5_6_sol,1,codex,,60,60,3,3,0,False,,,,,
CompBio,cell-proportions-q1,galaxy_codex_gpt_5_6_sol_r2,codex_gpt_5_6_sol,2,codex,,5,5,1,1,0,False,,,,,
CompBio,cell-proportions-q1,galaxy_codex_gpt_5_6_sol_r3,codex_gpt_5_6_sol,3,codex,,4,4,1,1,0,False,,,,,
CompBio,characterize-response-q1,galaxy_codex_deepseek_v4_pro_0813_r1,codex_deepseek_v4_pro_0813,1,codex,,17,17,7,7,0,False,,,,,
CompBio,characterize-response-q1,galaxy_codex_deepseek_v4_pro_0813_r2,codex_deepseek_v4_pro_0813,2,codex,,34,34,2,2,0,False,,,,,
CompBio,characterize-response-q1,galaxy_codex_deepseek_v4_pro_0813_r3,codex_deepseek_v4_pro_0813,3,codex,,59,59,5,5,0,False,,,,,
CompBio,characterize-response-q1,galaxy_codex_gpt_5_5_r1,codex_gpt_5_5,1,codex,,6,6,0,0,0,False,,,,,
CompBio,characterize-response-q1,galaxy_codex_gpt_5_5_r2,codex_gpt_5_5,2,codex,,3,3,0,0,0,False,,,,,
CompBio,characterize-response-q1,galaxy_codex_gpt_5_5_r3,codex_gpt_5_5,3,codex,,17,17,4,4,0,False,,,,,
CompBio,characterize-response-q1,galaxy_codex_gpt_5_6_luna_r1,codex_gpt_5_6_luna,1,codex,,69,69,1,1,0,False,,,,,
CompBio,characterize-response-q1,galaxy_codex_gpt_5_6_luna_r3,codex_gpt_5_6_luna,3,codex,,87,87,4,4,0,False,,,,,
CompBio,characterize-response-q1,galaxy_codex_gpt_5_6_sol_r1,codex_gpt_5_6_sol,1,codex,,23,23,1,1,0,False,,,,,
CompBio,characterize-response-q1,galaxy_codex_gpt_5_6_sol_r2,codex_gpt_5_6_sol,2,codex,,18,18,1,1,0,False,,,,,
CompBio,characterize-response-q1,galaxy_codex_gpt_5_6_sol_r3,codex_gpt_5_6_sol,3,codex,,20,20,1,1,0,False,,,,,
CompBio,chip-pioneer-q1,galaxy_codex_deepseek_v4_pro_0813_r1,codex_deepseek_v4_pro_0813,1,codex,,221,221,2,2,0,False,,,,,
CompBio,chip-pioneer-q1,galaxy_codex_deepseek_v4_pro_0813_r2,codex_deepseek_v4_pro_0813,2,codex,,119,119,11,11,0,False,,,,,
CompBio,chip-pioneer-q1,galaxy_codex_deepseek_v4_pro_0813_r3,codex_deepseek_v4_pro_0813,3,codex,,116,116,11,11,0,False,,,,,
CompBio,chip-pioneer-q1,galaxy_codex_gpt_5_5_r1,codex_gpt_5_5,1,codex,,5,5,1,1,0,False,,,,,
CompBio,chip-pioneer-q1,galaxy_codex_gpt_5_5_r2,codex_gpt_5_5,2,codex,,7,7,0,0,0,False,,,,,
CompBio,chip-pioneer-q1,galaxy_codex_gpt_5_6_luna_r1,codex_gpt_5_6_luna,1,codex,,23,23,1,1,0,False,,,,,
CompBio,chip-pioneer-q1,galaxy_codex_gpt_5_6_luna_r2,codex_gpt_5_6_luna,2,codex,,95,95,3,3,0,False,,,,,
CompBio,chip-pioneer-q1,galaxy_codex_gpt_5_6_luna_r3,codex_gpt_5_6_luna,3,codex,,23,23,1,1,0,False,,,,,
CompBio,chip-pioneer-q1,galaxy_codex_gpt_5_6_sol_r1,codex_gpt_5_6_sol,1,codex,,35,35,6,6,0,False,,,,,
CompBio,chip-pioneer-q1,galaxy_codex_gpt_5_6_sol_r2,codex_gpt_5_6_sol,2,codex,,9,9,2,2,0,False,,,,,
CompBio,chip-pioneer-q1,galaxy_codex_gpt_5_6_sol_r3,codex_gpt_5_6_sol,3,codex,,14,14,0,0,0,False,,,,,
CompBio,compute-gc-content-interval-q1,galaxy_codex_deepseek_v4_pro_0813_r1,codex_deepseek_v4_pro_0813,1,codex,,1,1,0,0,0,False,,,,,
CompBio,compute-gc-content-interval-q1,galaxy_codex_deepseek_v4_pro_0813_r2,codex_deepseek_v4_pro_0813,2,codex,,0,0,0,0,0,False,,,,,
CompBio,compute-gc-content-interval-q1,galaxy_codex_deepseek_v4_pro_0813_r3,codex_deepseek_v4_pro_0813,3,codex,,41,41,1,1,0,False,,,,,
CompBio,compute-gc-content-interval-q1,galaxy_codex_gpt_5_5_r1,codex_gpt_5_5,1,codex,,3,3,0,0,0,False,,,,,
CompBio,compute-gc-content-interval-q1,galaxy_codex_gpt_5_5_r2,codex_gpt_5_5,2,codex,,2,2,0,0,0,False,,,,,
CompBio,compute-gc-content-interval-q1,galaxy_codex_gpt_5_5_r3,codex_gpt_5_5,3,codex,,55,55,5,5,0,False,,,,,
CompBio,compute-gc-content-interval-q1,galaxy_codex_gpt_5_6_luna_r1,codex_gpt_5_6_luna,1,codex,,71,71,7,7,0,False,,,,,
CompBio,compute-gc-content-interval-q1,galaxy_codex_gpt_5_6_luna_r2,codex_gpt_5_6_luna,2,codex,,40,40,2,2,0,False,,,,,
CompBio,compute-gc-content-interval-q1,galaxy_codex_gpt_5_6_luna_r3,codex_gpt_5_6_luna,3,codex,,134,134,15,15,0,True,,,,,2.0
CompBio,compute-gc-content-interval-q1,galaxy_codex_gpt_5_6_sol_r1,codex_gpt_5_6_sol,1,codex,,17,17,1,1,0,False,,,,,
CompBio,compute-gc-content-interval-q1,galaxy_codex_gpt_5_6_sol_r2,codex_gpt_5_6_sol,2,codex,,15,15,1,1,0,False,,,,,
CompBio,compute-gc-content-interval-q1,galaxy_codex_gpt_5_6_sol_r3,codex_gpt_5_6_sol,3,codex,,10,10,1,1,0,False,,,,,
CompBio,compute-gccontent-promoter-q1,galaxy_codex_deepseek_v4_pro_0813_r1,codex_deepseek_v4_pro_0813,1,codex,,89,89,7,7,0,False,,,,,
CompBio,compute-gccontent-promoter-q1,galaxy_codex_deepseek_v4_pro_0813_r2,codex_deepseek_v4_pro_0813,2,codex,,2,2,0,0,0,False,,,,,
CompBio,compute-gccontent-promoter-q1,galaxy_codex_deepseek_v4_pro_0813_r3,codex_deepseek_v4_pro_0813,3,codex,,14,14,1,1,0,False,,,,,
CompBio,compute-gccontent-promoter-q1,galaxy_codex_gpt_5_5_r1,codex_gpt_5_5,1,codex,,2,2,0,0,0,False,,,,,
CompBio,compute-gccontent-promoter-q1,galaxy_codex_gpt_5_5_r2,codex_gpt_5_5,2,codex,,1,1,0,0,0,False,,,,,
CompBio,compute-gccontent-promoter-q1,galaxy_codex_gpt_5_5_r3,codex_gpt_5_5,3,codex,,43,43,4,4,0,True,,,,,1.0
CompBio,compute-gccontent-promoter-q1,galaxy_codex_gpt_5_6_luna_r1,codex_gpt_5_6_luna,1,codex,,39,39,2,2,0,False,,,,,
CompBio,compute-gccontent-promoter-q1,galaxy_codex_gpt_5_6_luna_r2,codex_gpt_5_6_luna,2,codex,,41,41,1,1,0,False,,,,,
CompBio,compute-gccontent-promoter-q1,galaxy_codex_gpt_5_6_luna_r3,codex_gpt_5_6_luna,3,codex,,21,21,7,7,0,False,,,,,
CompBio,compute-gccontent-promoter-q1,galaxy_codex_gpt_5_6_sol_r1,codex_gpt_5_6_sol,1,codex,,31,31,4,4,0,False,,,,,
CompBio,compute-gccontent-promoter-q1,galaxy_codex_gpt_5_6_sol_r2,codex_gpt_5_6_sol,2,codex,,9,9,0,0,0,False,,,,,
CompBio,compute-gccontent-promoter-q1,galaxy_codex_gpt_5_6_sol_r3,codex_gpt_5_6_sol,3,codex,,20,20,0,0,0,False,,,,,
CompBio,compute-hvg-jaccard-q1,galaxy_codex_deepseek_v4_pro_0813_r1,codex_deepseek_v4_pro_0813,1,codex,,12,12,1,1,0,False,,,,,
CompBio,compute-hvg-jaccard-q1,galaxy_codex_deepseek_v4_pro_0813_r2,codex_deepseek_v4_pro_0813,2,codex,,1,1,0,0,0,False,,,,,
CompBio,compute-hvg-jaccard-q1,galaxy_codex_deepseek_v4_pro_0813_r3,codex_deepseek_v4_pro_0813,3,codex,,82,82,5,5,0,True,,,,,2.0
CompBio,compute-hvg-jaccard-q1,galaxy_codex_gpt_5_5_r1,codex_gpt_5_5,1,codex,,2,2,0,0,0,False,,,,,
CompBio,compute-hvg-jaccard-q1,galaxy_codex_gpt_5_5_r2,codex_gpt_5_5,2,codex,,3,3,0,0,0,False,,,,,
CompBio,compute-hvg-jaccard-q1,galaxy_codex_gpt_5_5_r3,codex_gpt_5_5,3,codex,,65,65,4,4,0,False,,,,,
CompBio,compute-hvg-jaccard-q1,galaxy_codex_gpt_5_6_luna_r1,codex_gpt_5_6_luna,1,codex,,10,10,0,0,0,False,,,,,
CompBio,compute-hvg-jaccard-q1,galaxy_codex_gpt_5_6_luna_r2,codex_gpt_5_6_luna,2,codex,,84,84,14,14,0,False,,,,,
CompBio,compute-hvg-jaccard-q1,galaxy_codex_gpt_5_6_luna_r3,codex_gpt_5_6_luna,3,codex,,11,11,0,0,0,False,,,,,
CompBio,compute-hvg-jaccard-q1,galaxy_codex_gpt_5_6_sol_r1,codex_gpt_5_6_sol,1,codex,,7,7,1,1,0,False,,,,,
CompBio,compute-hvg-jaccard-q1,galaxy_codex_gpt_5_6_sol_r2,codex_gpt_5_6_sol,2,codex,,3,3,0,0,0,False,,,,,
CompBio,compute-hvg-jaccard-q1,galaxy_codex_gpt_5_6_sol_r3,codex_gpt_5_6_sol,3,codex,,8,8,0,0,0,False,,,,,
CompBio,compute-nonoverlapping-exonic-length-q1,galaxy_codex_deepseek_v4_pro_0813_r1,codex_deepseek_v4_pro_0813,1,codex,,48,48,4,4,0,False,,,,,
CompBio,compute-nonoverlapping-exonic-length-q1,galaxy_codex_deepseek_v4_pro_0813_r2,codex_deepseek_v4_pro_0813,2,codex,,1,1,0,0,0,False,,,,,
CompBio,compute-nonoverlapping-exonic-length-q1,galaxy_codex_deepseek_v4_pro_0813_r3,codex_deepseek_v4_pro_0813,3,codex,,82,82,3,3,0,False,,,,,
CompBio,compute-nonoverlapping-exonic-length-q1,galaxy_codex_gpt_5_5_r1,codex_gpt_5_5,1,codex,,1,1,0,0,0,False,,,,,
CompBio,compute-nonoverlapping-exonic-length-q1,galaxy_codex_gpt_5_5_r2,codex_gpt_5_5,2,codex,,2,2,0,0,0,False,,,,,
CompBio,compute-nonoverlapping-exonic-length-q1,galaxy_codex_gpt_5_5_r3,codex_gpt_5_5,3,codex,,56,56,4,4,0,False,,,,,
CompBio,compute-nonoverlapping-exonic-length-q1,galaxy_codex_gpt_5_6_luna_r1,codex_gpt_5_6_luna,1,codex,,68,68,6,6,0,False,,,,,
CompBio,compute-nonoverlapping-exonic-length-q1,galaxy_codex_gpt_5_6_luna_r2,codex_gpt_5_6_luna,2,codex,,22,22,0,0,0,False,,,,,
CompBio,compute-nonoverlapping-exonic-length-q1,galaxy_codex_gpt_5_6_luna_r3,codex_gpt_5_6_luna,3,codex,,74,74,1,1,0,False,,,,,
CompBio,compute-nonoverlapping-exonic-length-q1,galaxy_codex_gpt_5_6_sol_r1,codex_gpt_5_6_sol,1,codex,,38,38,0,0,0,False,,,,,
CompBio,compute-nonoverlapping-exonic-length-q1,galaxy_codex_gpt_5_6_sol_r2,codex_gpt_5_6_sol,2,codex,,34,34,2,2,0,False,,,,,
CompBio,compute-nonoverlapping-exonic-length-q1,galaxy_codex_gpt_5_6_sol_r3,codex_gpt_5_6_sol,3,codex,,23,23,2,2,0,False,,,,,
CompBio,conservation-lookup-q1,galaxy_codex_deepseek_v4_pro_0813_r1,codex_deepseek_v4_pro_0813,1,codex,,0,0,0,0,0,False,,,,,
CompBio,conservation-lookup-q1,galaxy_codex_deepseek_v4_pro_0813_r2,codex_deepseek_v4_pro_0813,2,codex,,69,69,12,12,0,True,,,,,2.0
CompBio,conservation-lookup-q1,galaxy_codex_deepseek_v4_pro_0813_r3,codex_deepseek_v4_pro_0813,3,codex,,99,99,18,18,0,True,,,,,9.0
CompBio,conservation-lookup-q1,galaxy_codex_gpt_5_5_r1,codex_gpt_5_5,1,codex,,5,5,2,2,0,False,,,,,
CompBio,conservation-lookup-q1,galaxy_codex_gpt_5_5_r2,codex_gpt_5_5,2,codex,,19,19,2,2,0,False,,,,,
CompBio,conservation-lookup-q1,galaxy_codex_gpt_5_5_r3,codex_gpt_5_5,3,codex,,40,40,7,7,0,False,,,,,
CompBio,conservation-lookup-q1,galaxy_codex_gpt_5_6_luna_r1,codex_gpt_5_6_luna,1,codex,,108,108,5,5,0,True,,,,,2.0
CompBio,conservation-lookup-q1,galaxy_codex_gpt_5_6_luna_r2,codex_gpt_5_6_luna,2,codex,,339,339,29,29,0,False,,,,,
CompBio,conservation-lookup-q1,galaxy_codex_gpt_5_6_luna_r3,codex_gpt_5_6_luna,3,codex,,175,175,20,20,0,False,,,,,
CompBio,conservation-lookup-q1,galaxy_codex_gpt_5_6_sol_r1,codex_gpt_5_6_sol,1,codex,,43,43,17,17,0,False,,,,,
CompBio,conservation-lookup-q1,galaxy_codex_gpt_5_6_sol_r2,codex_gpt_5_6_sol,2,codex,,22,22,5,5,0,False,,,,,
CompBio,conservation-lookup-q1,galaxy_codex_gpt_5_6_sol_r3,codex_gpt_5_6_sol,3,codex,,147,147,11,11,0,True,,,,,2.0
CompBio,contaminated-rna-q1,galaxy_codex_deepseek_v4_pro_0813_r1,codex_deepseek_v4_pro_0813,1,codex,,19,19,2,2,0,False,,,,,
CompBio,contaminated-rna-q1,galaxy_codex_deepseek_v4_pro_0813_r2,codex_deepseek_v4_pro_0813,2,codex,,2,2,0,0,0,False,,,,,
CompBio,contaminated-rna-q1,galaxy_codex_deepseek_v4_pro_0813_r3,codex_deepseek_v4_pro_0813,3,codex,,17,17,0,0,0,False,,,,,
CompBio,contaminated-rna-q1,galaxy_codex_gpt_5_5_r1,codex_gpt_5_5,1,codex,,7,7,0,0,0,False,,,,,
CompBio,contaminated-rna-q1,galaxy_codex_gpt_5_5_r2,codex_gpt_5_5,2,codex,,15,15,1,1,0,False,,,,,
CompBio,contaminated-rna-q1,galaxy_codex_gpt_5_5_r3,codex_gpt_5_5,3,codex,,29,29,4,4,0,False,,,,,
CompBio,contaminated-rna-q1,galaxy_codex_gpt_5_6_luna_r1,codex_gpt_5_6_luna,1,codex,,59,59,4,4,0,False,,,,,
CompBio,contaminated-rna-q1,galaxy_codex_gpt_5_6_luna_r2,codex_gpt_5_6_luna,2,codex,,19,19,2,2,0,False,,,,,
CompBio,contaminated-rna-q1,galaxy_codex_gpt_5_6_luna_r3,codex_gpt_5_6_luna,3,codex,,43,43,1,1,0,False,,,,,
CompBio,contaminated-rna-q1,galaxy_codex_gpt_5_6_sol_r1,codex_gpt_5_6_sol,1,codex,,61,61,5,5,0,False,,,,,
CompBio,contaminated-rna-q1,galaxy_codex_gpt_5_6_sol_r2,codex_gpt_5_6_sol,2,codex,,21,21,0,0,0,False,,,,,
CompBio,contaminated-rna-q1,galaxy_codex_gpt_5_6_sol_r3,codex_gpt_5_6_sol,3,codex,,14,14,0,0,0,False,,,,,
CompBio,contaminated-rna-q2,galaxy_codex_deepseek_v4_pro_0813_r1,codex_deepseek_v4_pro_0813,1,codex,,47,47,4,4,0,False,,,,,
CompBio,contaminated-rna-q2,galaxy_codex_deepseek_v4_pro_0813_r2,codex_deepseek_v4_pro_0813,2,codex,,69,69,4,4,0,False,,,,,
CompBio,contaminated-rna-q2,galaxy_codex_deepseek_v4_pro_0813_r3,codex_deepseek_v4_pro_0813,3,codex,,68,68,3,3,0,False,,,,,
CompBio,contaminated-rna-q2,galaxy_codex_gpt_5_5_r1,codex_gpt_5_5,1,codex,,11,11,0,0,0,False,,,,,
CompBio,contaminated-rna-q2,galaxy_codex_gpt_5_5_r2,codex_gpt_5_5,2,codex,,6,6,0,0,0,False,,,,,
CompBio,contaminated-rna-q2,galaxy_codex_gpt_5_5_r3,codex_gpt_5_5,3,codex,,34,34,1,1,0,False,,,,,
CompBio,contaminated-rna-q2,galaxy_codex_gpt_5_6_luna_r1,codex_gpt_5_6_luna,1,codex,,39,39,4,4,0,False,,,,,
CompBio,contaminated-rna-q2,galaxy_codex_gpt_5_6_luna_r2,codex_gpt_5_6_luna,2,codex,,39,39,1,1,0,False,,,,,
CompBio,contaminated-rna-q2,galaxy_codex_gpt_5_6_luna_r3,codex_gpt_5_6_luna,3,codex,,19,19,0,0,0,False,,,,,
CompBio,contaminated-rna-q2,galaxy_codex_gpt_5_6_sol_r1,codex_gpt_5_6_sol,1,codex,,33,33,2,2,0,False,,,,,
CompBio,contaminated-rna-q2,galaxy_codex_gpt_5_6_sol_r2,codex_gpt_5_6_sol,2,codex,,35,35,3,3,0,False,,,,,
CompBio,contaminated-rna-q2,galaxy_codex_gpt_5_6_sol_r3,codex_gpt_5_6_sol,3,codex,,38,38,1,1,0,False,,,,,
CompBio,contaminated-rna-q3,galaxy_codex_deepseek_v4_pro_0813_r1,codex_deepseek_v4_pro_0813,1,codex,,14,14,1,1,0,False,,,,,
CompBio,contaminated-rna-q3,galaxy_codex_deepseek_v4_pro_0813_r2,codex_deepseek_v4_pro_0813,2,codex,,1,1,0,0,0,False,,,,,
CompBio,contaminated-rna-q3,galaxy_codex_deepseek_v4_pro_0813_r3,codex_deepseek_v4_pro_0813,3,codex,,41,41,5,5,0,False,,,,,
CompBio,contaminated-rna-q3,galaxy_codex_gpt_5_5_r1,codex_gpt_5_5,1,codex,,20,20,8,8,0,False,,,,,
CompBio,contaminated-rna-q3,galaxy_codex_gpt_5_5_r2,codex_gpt_5_5,2,codex,,5,5,2,2,0,False,,,,,
CompBio,contaminated-rna-q3,galaxy_codex_gpt_5_5_r3,codex_gpt_5_5,3,codex,,58,58,5,5,0,False,,,,,
CompBio,contaminated-rna-q3,galaxy_codex_gpt_5_6_luna_r1,codex_gpt_5_6_luna,1,codex,,36,36,0,0,0,False,,,,,
CompBio,contaminated-rna-q3,galaxy_codex_gpt_5_6_luna_r2,codex_gpt_5_6_luna,2,codex,,39,39,5,5,0,False,,,,,
CompBio,contaminated-rna-q3,galaxy_codex_gpt_5_6_luna_r3,codex_gpt_5_6_luna,3,codex,,61,61,6,6,0,False,,,,,
CompBio,contaminated-rna-q3,galaxy_codex_gpt_5_6_sol_r1,codex_gpt_5_6_sol,1,codex,,33,33,2,2,0,False,,,,,
CompBio,contaminated-rna-q3,galaxy_codex_gpt_5_6_sol_r2,codex_gpt_5_6_sol,2,codex,,37,37,3,3,0,False,,,,,
CompBio,contaminated-rna-q3,galaxy_codex_gpt_5_6_sol_r3,codex_gpt_5_6_sol,3,codex,,6,6,0,0,0,False,,,,,
CompBio,covid-patient-q1,galaxy_codex_deepseek_v4_pro_0813_r1,codex_deepseek_v4_pro_0813,1,codex,,2,2,0,0,0,False,,,,,
CompBio,covid-patient-q1,galaxy_codex_deepseek_v4_pro_0813_r2,codex_deepseek_v4_pro_0813,2,codex,,27,27,5,5,0,False,,,,,
CompBio,covid-patient-q1,galaxy_codex_deepseek_v4_pro_0813_r3,codex_deepseek_v4_pro_0813,3,codex,,136,136,12,12,0,False,,,,,
CompBio,covid-patient-q1,galaxy_codex_gpt_5_5_r1,codex_gpt_5_5,1,codex,,8,8,1,1,0,False,,,,,
CompBio,covid-patient-q1,galaxy_codex_gpt_5_5_r2,codex_gpt_5_5,2,codex,,7,7,3,3,0,False,,,,,
CompBio,covid-patient-q1,galaxy_codex_gpt_5_5_r3,codex_gpt_5_5,3,codex,,33,33,5,5,0,False,,,,,
CompBio,covid-patient-q1,galaxy_codex_gpt_5_6_luna_r1,codex_gpt_5_6_luna,1,codex,,40,40,3,3,0,False,,,,,
CompBio,covid-patient-q1,galaxy_codex_gpt_5_6_luna_r2,codex_gpt_5_6_luna,2,codex,,29,29,3,3,0,False,,,,,
CompBio,covid-patient-q1,galaxy_codex_gpt_5_6_luna_r3,codex_gpt_5_6_luna,3,codex,,16,16,2,2,0,False,,,,,
CompBio,covid-patient-q1,galaxy_codex_gpt_5_6_sol_r1,codex_gpt_5_6_sol,1,codex,,7,7,3,3,0,False,,,,,
CompBio,covid-patient-q1,galaxy_codex_gpt_5_6_sol_r2,codex_gpt_5_6_sol,2,codex,,13,13,0,0,0,False,,,,,
CompBio,covid-patient-q1,galaxy_codex_gpt_5_6_sol_r3,codex_gpt_5_6_sol,3,codex,,15,15,0,0,0,False,,,,,
CompBio,cryptic-exon-q1,galaxy_codex_deepseek_v4_pro_0813_r1,codex_deepseek_v4_pro_0813,1,codex,,2,2,0,0,0,False,,,,,
CompBio,cryptic-exon-q1,galaxy_codex_deepseek_v4_pro_0813_r2,codex_deepseek_v4_pro_0813,2,codex,,124,124,1,1,0,False,,,,,
CompBio,cryptic-exon-q1,galaxy_codex_deepseek_v4_pro_0813_r3,codex_deepseek_v4_pro_0813,3,codex,,62,62,5,5,0,False,,,,,
CompBio,cryptic-exon-q1,galaxy_codex_gpt_5_5_r1,codex_gpt_5_5,1,codex,,9,9,0,0,0,False,,,,,
CompBio,cryptic-exon-q1,galaxy_codex_gpt_5_5_r2,codex_gpt_5_5,2,codex,,9,9,1,1,0,False,,,,,
CompBio,cryptic-exon-q1,galaxy_codex_gpt_5_5_r3,codex_gpt_5_5,3,codex,,50,50,6,6,0,False,,,,,
CompBio,cryptic-exon-q1,galaxy_codex_gpt_5_6_luna_r1,codex_gpt_5_6_luna,1,codex,,78,78,3,3,0,False,,,,,
CompBio,cryptic-exon-q1,galaxy_codex_gpt_5_6_luna_r2,codex_gpt_5_6_luna,2,codex,,88,88,4,4,0,False,,,,,
CompBio,cryptic-exon-q1,galaxy_codex_gpt_5_6_luna_r3,codex_gpt_5_6_luna,3,codex,,89,89,6,6,0,False,,,,,
CompBio,cryptic-exon-q1,galaxy_codex_gpt_5_6_sol_r1,codex_gpt_5_6_sol,1,codex,,8,8,1,1,0,False,,,,,
CompBio,cryptic-exon-q1,galaxy_codex_gpt_5_6_sol_r2,codex_gpt_5_6_sol,2,codex,,17,17,1,1,0,False,,,,,
CompBio,cryptic-exon-q1,galaxy_codex_gpt_5_6_sol_r3,codex_gpt_5_6_sol,3,codex,,19,19,1,1,0,False,,,,,
CompBio,deg-simple-q1,galaxy_codex_deepseek_v4_pro_0813_r1,codex_deepseek_v4_pro_0813,1,codex,,0,0,0,0,0,False,,,,,
CompBio,deg-simple-q1,galaxy_codex_deepseek_v4_pro_0813_r2,codex_deepseek_v4_pro_0813,2,codex,,63,63,1,1,0,False,,,,,
CompBio,deg-simple-q1,galaxy_codex_deepseek_v4_pro_0813_r3,codex_deepseek_v4_pro_0813,3,codex,,116,116,5,5,0,False,,,,,
CompBio,deg-simple-q1,galaxy_codex_gpt_5_5_r1,codex_gpt_5_5,1,codex,,5,5,2,2,0,False,,,,,
CompBio,deg-simple-q1,galaxy_codex_gpt_5_5_r2,codex_gpt_5_5,2,codex,,18,18,6,6,0,False,,,,,
CompBio,deg-simple-q1,galaxy_codex_gpt_5_5_r3,codex_gpt_5_5,3,codex,,74,74,10,10,0,False,,,,,
CompBio,deg-simple-q1,galaxy_codex_gpt_5_6_luna_r1,codex_gpt_5_6_luna,1,codex,,82,82,4,4,0,False,,,,,
CompBio,deg-simple-q1,galaxy_codex_gpt_5_6_luna_r2,codex_gpt_5_6_luna,2,codex,,134,134,8,8,0,False,,,,,
CompBio,deg-simple-q1,galaxy_codex_gpt_5_6_luna_r3,codex_gpt_5_6_luna,3,codex,,102,102,15,15,0,False,,,,,
CompBio,deg-simple-q1,galaxy_codex_gpt_5_6_sol_r1,codex_gpt_5_6_sol,1,codex,,44,44,4,4,0,False,,,,,
CompBio,deg-simple-q1,galaxy_codex_gpt_5_6_sol_r2,codex_gpt_5_6_sol,2,codex,,33,33,7,7,0,False,,,,,
CompBio,deg-simple-q1,galaxy_codex_gpt_5_6_sol_r3,codex_gpt_5_6_sol,3,codex,,54,54,5,5,0,False,,,,,
CompBio,deg-simple-q2,galaxy_codex_deepseek_v4_pro_0813_r1,codex_deepseek_v4_pro_0813,1,codex,,96,96,3,3,0,False,,,,,
CompBio,deg-simple-q2,galaxy_codex_deepseek_v4_pro_0813_r2,codex_deepseek_v4_pro_0813,2,codex,,37,37,9,9,0,False,,,,,
CompBio,deg-simple-q2,galaxy_codex_deepseek_v4_pro_0813_r3,codex_deepseek_v4_pro_0813,3,codex,,82,82,8,8,0,False,,,,,
CompBio,deg-simple-q2,galaxy_codex_gpt_5_5_r1,codex_gpt_5_5,1,codex,,17,17,6,6,0,False,,,,,
CompBio,deg-simple-q2,galaxy_codex_gpt_5_5_r2,codex_gpt_5_5,2,codex,,6,6,1,1,0,False,,,,,
CompBio,deg-simple-q2,galaxy_codex_gpt_5_5_r3,codex_gpt_5_5,3,codex,,39,39,4,4,0,False,,,,,
CompBio,deg-simple-q2,galaxy_codex_gpt_5_6_luna_r1,codex_gpt_5_6_luna,1,codex,,116,116,12,12,0,False,,,,,
CompBio,deg-simple-q2,galaxy_codex_gpt_5_6_luna_r2,codex_gpt_5_6_luna,2,codex,,93,93,6,6,0,False,,,,,
CompBio,deg-simple-q2,galaxy_codex_gpt_5_6_sol_r1,codex_gpt_5_6_sol,1,codex,,36,36,2,2,0,False,,,,,
CompBio,deg-simple-q2,galaxy_codex_gpt_5_6_sol_r2,codex_gpt_5_6_sol,2,codex,,43,43,2,2,0,False,,,,,
CompBio,deg-simple-q2,galaxy_codex_gpt_5_6_sol_r3,codex_gpt_5_6_sol,3,codex,,27,27,3,3,0,False,,,,,
CompBio,deleterious-mutation-q1,galaxy_codex_deepseek_v4_pro_0813_r1,codex_deepseek_v4_pro_0813,1,codex,,57,57,2,2,0,False,,,,,
CompBio,deleterious-mutation-q1,galaxy_codex_deepseek_v4_pro_0813_r2,codex_deepseek_v4_pro_0813,2,codex,,54,54,2,2,0,False,,,,,
CompBio,deleterious-mutation-q1,galaxy_codex_deepseek_v4_pro_0813_r3,codex_deepseek_v4_pro_0813,3,codex,,56,56,5,5,0,False,,,,,
CompBio,deleterious-mutation-q1,galaxy_codex_gpt_5_5_r1,codex_gpt_5_5,1,codex,,31,31,1,1,0,False,,,,,
CompBio,deleterious-mutation-q1,galaxy_codex_gpt_5_5_r2,codex_gpt_5_5,2,codex,,5,5,0,0,0,False,,,,,
CompBio,deleterious-mutation-q1,galaxy_codex_gpt_5_5_r3,codex_gpt_5_5,3,codex,,46,46,5,5,0,False,,,,,
CompBio,deleterious-mutation-q1,galaxy_codex_gpt_5_6_luna_r1,codex_gpt_5_6_luna,1,codex,,127,127,14,14,0,False,,,,,
CompBio,deleterious-mutation-q1,galaxy_codex_gpt_5_6_luna_r2,codex_gpt_5_6_luna,2,codex,,63,63,6,6,0,False,,,,,
CompBio,deleterious-mutation-q1,galaxy_codex_gpt_5_6_luna_r3,codex_gpt_5_6_luna,3,codex,,59,59,7,7,0,False,,,,,
CompBio,deleterious-mutation-q1,galaxy_codex_gpt_5_6_sol_r1,codex_gpt_5_6_sol,1,codex,,30,30,2,2,0,False,,,,,
CompBio,deleterious-mutation-q1,galaxy_codex_gpt_5_6_sol_r2,codex_gpt_5_6_sol,2,codex,,56,56,2,2,0,False,,,,,
CompBio,deleterious-mutation-q1,galaxy_codex_gpt_5_6_sol_r3,codex_gpt_5_6_sol,3,codex,,49,49,1,1,0,False,,,,,
CompBio,deleterious-mutation-q2,galaxy_codex_deepseek_v4_pro_0813_r1,codex_deepseek_v4_pro_0813,1,codex,,71,71,4,4,0,False,,,,,
CompBio,deleterious-mutation-q2,galaxy_codex_deepseek_v4_pro_0813_r2,codex_deepseek_v4_pro_0813,2,codex,,62,62,3,3,0,False,,,,,
CompBio,deleterious-mutation-q2,galaxy_codex_deepseek_v4_pro_0813_r3,codex_deepseek_v4_pro_0813,3,codex,,51,51,7,7,0,False,,,,,
CompBio,deleterious-mutation-q2,galaxy_codex_gpt_5_5_r1,codex_gpt_5_5,1,codex,,3,3,0,0,0,False,,,,,
CompBio,deleterious-mutation-q2,galaxy_codex_gpt_5_5_r2,codex_gpt_5_5,2,codex,,16,16,6,6,0,False,,,,,
CompBio,deleterious-mutation-q2,galaxy_codex_gpt_5_5_r3,codex_gpt_5_5,3,codex,,42,42,5,5,0,False,,,,,
CompBio,deleterious-mutation-q2,galaxy_codex_gpt_5_6_luna_r1,codex_gpt_5_6_luna,1,codex,,95,95,4,4,0,False,,,,,
CompBio,deleterious-mutation-q2,galaxy_codex_gpt_5_6_luna_r2,codex_gpt_5_6_luna,2,codex,,67,67,3,3,0,False,,,,,
CompBio,deleterious-mutation-q2,galaxy_codex_gpt_5_6_luna_r3,codex_gpt_5_6_luna,3,codex,,52,52,1,1,0,False,,,,,
CompBio,deleterious-mutation-q2,galaxy_codex_gpt_5_6_sol_r1,codex_gpt_5_6_sol,1,codex,,41,41,2,2,0,False,,,,,
CompBio,deleterious-mutation-q2,galaxy_codex_gpt_5_6_sol_r2,codex_gpt_5_6_sol,2,codex,,72,72,7,7,0,False,,,,,
CompBio,deleterious-mutation-q2,galaxy_codex_gpt_5_6_sol_r3,codex_gpt_5_6_sol,3,codex,,46,46,1,1,0,False,,,,,
CompBio,differential-composition-q1,galaxy_codex_deepseek_v4_pro_0813_r1,codex_deepseek_v4_pro_0813,1,codex,,2,2,0,0,0,False,,,,,
CompBio,differential-composition-q1,galaxy_codex_deepseek_v4_pro_0813_r2,codex_deepseek_v4_pro_0813,2,codex,,60,60,2,2,0,False,,,,,
CompBio,differential-composition-q1,galaxy_codex_deepseek_v4_pro_0813_r3,codex_deepseek_v4_pro_0813,3,codex,,133,133,7,7,0,False,,,,,
CompBio,differential-composition-q1,galaxy_codex_gpt_5_5_r1,codex_gpt_5_5,1,codex,,6,6,1,1,0,False,,,,,
CompBio,differential-composition-q1,galaxy_codex_gpt_5_5_r2,codex_gpt_5_5,2,codex,,6,6,1,1,0,False,,,,,
CompBio,differential-composition-q1,galaxy_codex_gpt_5_5_r3,codex_gpt_5_5,3,codex,,35,35,7,7,0,False,,,,,
CompBio,differential-composition-q1,galaxy_codex_gpt_5_6_luna_r1,codex_gpt_5_6_luna,1,codex,,12,12,0,0,0,False,,,,,
CompBio,differential-composition-q1,galaxy_codex_gpt_5_6_luna_r2,codex_gpt_5_6_luna,2,codex,,13,13,2,2,0,False,,,,,
CompBio,differential-composition-q1,galaxy_codex_gpt_5_6_luna_r3,codex_gpt_5_6_luna,3,codex,,135,135,8,8,0,False,,,,,
CompBio,differential-composition-q1,galaxy_codex_gpt_5_6_sol_r1,codex_gpt_5_6_sol,1,codex,,12,12,0,0,0,False,,,,,
CompBio,differential-composition-q1,galaxy_codex_gpt_5_6_sol_r2,codex_gpt_5_6_sol,2,codex,,27,27,1,1,0,False,,,,,
CompBio,differential-composition-q1,galaxy_codex_gpt_5_6_sol_r3,codex_gpt_5_6_sol,3,codex,,56,56,5,5,0,False,,,,,
CompBio,disease-samples-q1,galaxy_codex_deepseek_v4_pro_0813_r1,codex_deepseek_v4_pro_0813,1,codex,,63,63,7,7,0,False,,,,,
CompBio,disease-samples-q1,galaxy_codex_deepseek_v4_pro_0813_r2,codex_deepseek_v4_pro_0813,2,codex,,35,35,3,3,0,False,,,,,
CompBio,disease-samples-q1,galaxy_codex_deepseek_v4_pro_0813_r3,codex_deepseek_v4_pro_0813,3,codex,,51,51,6,6,0,False,,,,,
CompBio,disease-samples-q1,galaxy_codex_gpt_5_5_r1,codex_gpt_5_5,1,codex,,3,3,0,0,0,False,,,,,
CompBio,disease-samples-q1,galaxy_codex_gpt_5_5_r2,codex_gpt_5_5,2,codex,,5,5,1,1,0,False,,,,,
CompBio,disease-samples-q1,galaxy_codex_gpt_5_5_r3,codex_gpt_5_5,3,codex,,33,33,7,7,0,False,,,,,
CompBio,disease-samples-q1,galaxy_codex_gpt_5_6_luna_r1,codex_gpt_5_6_luna,1,codex,,78,78,7,7,0,False,,,,,
CompBio,disease-samples-q1,galaxy_codex_gpt_5_6_luna_r2,codex_gpt_5_6_luna,2,codex,,59,59,6,6,0,False,,,,,
CompBio,disease-samples-q1,galaxy_codex_gpt_5_6_luna_r3,codex_gpt_5_6_luna,3,codex,,7,7,0,0,0,False,,,,,
CompBio,disease-samples-q1,galaxy_codex_gpt_5_6_sol_r1,codex_gpt_5_6_sol,1,codex,,5,5,1,1,0,False,,,,,
CompBio,disease-samples-q1,galaxy_codex_gpt_5_6_sol_r2,codex_gpt_5_6_sol,2,codex,,8,8,0,0,0,False,,,,,
CompBio,disease-samples-q1,galaxy_codex_gpt_5_6_sol_r3,codex_gpt_5_6_sol,3,codex,,7,7,0,0,0,False,,,,,
CompBio,encode-atac-pipeline-q1,galaxy_codex_deepseek_v4_pro_0813_r1,codex_deepseek_v4_pro_0813,1,codex,,56,56,20,20,0,False,,,,,
CompBio,encode-atac-pipeline-q1,galaxy_codex_deepseek_v4_pro_0813_r2,codex_deepseek_v4_pro_0813,2,codex,,24,24,8,8,0,False,,,,,
CompBio,encode-atac-pipeline-q1,galaxy_codex_deepseek_v4_pro_0813_r3,codex_deepseek_v4_pro_0813,3,codex,,67,67,23,23,0,False,,,,,
CompBio,encode-atac-pipeline-q1,galaxy_codex_gpt_5_5_r1,codex_gpt_5_5,1,codex,,19,19,5,5,0,False,,,,,
CompBio,encode-atac-pipeline-q1,galaxy_codex_gpt_5_5_r2,codex_gpt_5_5,2,codex,,23,23,8,8,0,False,,,,,
CompBio,encode-atac-pipeline-q1,galaxy_codex_gpt_5_5_r3,codex_gpt_5_5,3,codex,,10,10,4,4,0,False,,,,,
CompBio,encode-atac-pipeline-q1,galaxy_codex_gpt_5_6_luna_r1,codex_gpt_5_6_luna,1,codex,,25,25,11,11,0,False,,,,,
CompBio,encode-atac-pipeline-q1,galaxy_codex_gpt_5_6_luna_r2,codex_gpt_5_6_luna,2,codex,,58,58,28,28,0,True,,,,,6.0
CompBio,encode-atac-pipeline-q1,galaxy_codex_gpt_5_6_luna_r3,codex_gpt_5_6_luna,3,codex,,60,60,21,21,0,True,,,,,3.0
CompBio,encode-atac-pipeline-q1,galaxy_codex_gpt_5_6_sol_r1,codex_gpt_5_6_sol,1,codex,,8,8,4,4,0,False,,,,,
CompBio,encode-atac-pipeline-q1,galaxy_codex_gpt_5_6_sol_r2,codex_gpt_5_6_sol,2,codex,,9,9,3,3,0,False,,,,,
CompBio,encode-atac-pipeline-q1,galaxy_codex_gpt_5_6_sol_r3,codex_gpt_5_6_sol,3,codex,,12,12,4,4,0,False,,,,,
CompBio,enformer-basic-q1,galaxy_codex_deepseek_v4_pro_0813_r1,codex_deepseek_v4_pro_0813,1,codex,,9,9,0,0,0,False,,,,,
CompBio,enformer-basic-q1,galaxy_codex_deepseek_v4_pro_0813_r2,codex_deepseek_v4_pro_0813,2,codex,,11,11,5,5,0,False,,,,,
CompBio,enformer-basic-q1,galaxy_codex_deepseek_v4_pro_0813_r3,codex_deepseek_v4_pro_0813,3,codex,,19,19,8,8,0,False,,,,,
CompBio,enformer-basic-q1,galaxy_codex_gpt_5_5_r1,codex_gpt_5_5,1,codex,,2,2,0,0,0,False,,,,,
CompBio,enformer-basic-q1,galaxy_codex_gpt_5_5_r2,codex_gpt_5_5,2,codex,,16,16,6,6,0,True,,,,,1.0
CompBio,enformer-basic-q1,galaxy_codex_gpt_5_5_r3,codex_gpt_5_5,3,codex,,19,19,5,5,0,False,,,,,
CompBio,enformer-basic-q1,galaxy_codex_gpt_5_6_luna_r1,codex_gpt_5_6_luna,1,codex,,19,19,8,8,0,False,,,,,
CompBio,enformer-basic-q1,galaxy_codex_gpt_5_6_luna_r2,codex_gpt_5_6_luna,2,codex,,12,12,6,6,0,False,,,,,
CompBio,enformer-basic-q1,galaxy_codex_gpt_5_6_luna_r3,codex_gpt_5_6_luna,3,codex,,5,5,2,2,0,False,,,,,
CompBio,enformer-basic-q1,galaxy_codex_gpt_5_6_sol_r1,codex_gpt_5_6_sol,1,codex,,13,13,8,8,0,False,,,,,
CompBio,enformer-basic-q1,galaxy_codex_gpt_5_6_sol_r2,codex_gpt_5_6_sol,2,codex,,7,7,6,6,0,False,,,,,
CompBio,enformer-basic-q1,galaxy_codex_gpt_5_6_sol_r3,codex_gpt_5_6_sol,3,codex,,2,2,0,0,0,False,,,,,
CompBio,enriched-motif-identification-q1,galaxy_codex_deepseek_v4_pro_0813_r1,codex_deepseek_v4_pro_0813,1,codex,,11,11,1,1,0,False,,,,,
CompBio,enriched-motif-identification-q1,galaxy_codex_deepseek_v4_pro_0813_r2,codex_deepseek_v4_pro_0813,2,codex,,51,51,8,8,0,False,,,,,
CompBio,enriched-motif-identification-q1,galaxy_codex_deepseek_v4_pro_0813_r3,codex_deepseek_v4_pro_0813,3,codex,,27,27,7,7,0,False,,,,,
CompBio,enriched-motif-identification-q1,galaxy_codex_gpt_5_5_r1,codex_gpt_5_5,1,codex,,3,3,0,0,0,False,,,,,
CompBio,enriched-motif-identification-q1,galaxy_codex_gpt_5_5_r2,codex_gpt_5_5,2,codex,,31,31,5,5,0,False,,,,,
CompBio,enriched-motif-identification-q1,galaxy_codex_gpt_5_5_r3,codex_gpt_5_5,3,codex,,32,32,6,6,0,False,,,,,
CompBio,enriched-motif-identification-q1,galaxy_codex_gpt_5_6_luna_r1,codex_gpt_5_6_luna,1,codex,,36,36,4,4,0,False,,,,,
CompBio,enriched-motif-identification-q1,galaxy_codex_gpt_5_6_luna_r2,codex_gpt_5_6_luna,2,codex,,35,35,3,3,0,False,,,,,
CompBio,enriched-motif-identification-q1,galaxy_codex_gpt_5_6_luna_r3,codex_gpt_5_6_luna,3,codex,,37,37,2,2,0,False,,,,,
CompBio,enriched-motif-identification-q1,galaxy_codex_gpt_5_6_sol_r1,codex_gpt_5_6_sol,1,codex,,9,9,1,1,0,False,,,,,
CompBio,enriched-motif-identification-q1,galaxy_codex_gpt_5_6_sol_r2,codex_gpt_5_6_sol,2,codex,,13,13,1,1,0,False,,,,,
CompBio,enriched-motif-identification-q1,galaxy_codex_gpt_5_6_sol_r3,codex_gpt_5_6_sol,3,codex,,17,17,1,1,0,False,,,,,
CompBio,ensembl-grab-q1,galaxy_codex_deepseek_v4_pro_0813_r1,codex_deepseek_v4_pro_0813,1,codex,,0,0,0,0,0,False,,,,,
CompBio,ensembl-grab-q1,galaxy_codex_deepseek_v4_pro_0813_r2,codex_deepseek_v4_pro_0813,2,codex,,61,61,7,7,0,False,,,,,
CompBio,ensembl-grab-q1,galaxy_codex_deepseek_v4_pro_0813_r3,codex_deepseek_v4_pro_0813,3,codex,,35,35,4,4,0,False,,,,,
CompBio,ensembl-grab-q1,galaxy_codex_gpt_5_5_r1,codex_gpt_5_5,1,codex,,5,5,3,3,0,False,,,,,
CompBio,ensembl-grab-q1,galaxy_codex_gpt_5_5_r2,codex_gpt_5_5,2,codex,,12,12,4,4,0,False,,,,,
CompBio,ensembl-grab-q1,galaxy_codex_gpt_5_5_r3,codex_gpt_5_5,3,codex,,20,20,0,0,0,False,,,,,
CompBio,ensembl-grab-q1,galaxy_codex_gpt_5_6_luna_r1,codex_gpt_5_6_luna,1,codex,,42,42,5,5,0,False,,,,,
CompBio,ensembl-grab-q1,galaxy_codex_gpt_5_6_luna_r2,codex_gpt_5_6_luna,2,codex,,67,67,13,13,0,False,,,,,
CompBio,ensembl-grab-q1,galaxy_codex_gpt_5_6_luna_r3,codex_gpt_5_6_luna,3,codex,,78,78,10,10,0,False,,,,,
CompBio,ensembl-grab-q1,galaxy_codex_gpt_5_6_sol_r1,codex_gpt_5_6_sol,1,codex,,2,2,0,0,0,False,,,,,
CompBio,ensembl-grab-q1,galaxy_codex_gpt_5_6_sol_r2,codex_gpt_5_6_sol,2,codex,,3,3,0,0,0,False,,,,,
CompBio,ensembl-grab-q1,galaxy_codex_gpt_5_6_sol_r3,codex_gpt_5_6_sol,3,codex,,17,17,1,1,0,False,,,,,
CompBio,ep-interactions-q1,galaxy_codex_deepseek_v4_pro_0813_r1,codex_deepseek_v4_pro_0813,1,codex,,55,55,9,9,0,False,,,,,
CompBio,ep-interactions-q1,galaxy_codex_deepseek_v4_pro_0813_r2,codex_deepseek_v4_pro_0813,2,codex,,30,30,4,4,0,False,,,,,
CompBio,ep-interactions-q1,galaxy_codex_deepseek_v4_pro_0813_r3,codex_deepseek_v4_pro_0813,3,codex,,86,86,14,14,0,False,,,,,
CompBio,ep-interactions-q1,galaxy_codex_gpt_5_5_r1,codex_gpt_5_5,1,codex,,6,6,1,1,0,False,,,,,
CompBio,ep-interactions-q1,galaxy_codex_gpt_5_5_r2,codex_gpt_5_5,2,codex,,24,24,4,4,0,False,,,,,
CompBio,ep-interactions-q1,galaxy_codex_gpt_5_5_r3,codex_gpt_5_5,3,codex,,24,24,3,3,0,False,,,,,
CompBio,ep-interactions-q1,galaxy_codex_gpt_5_6_luna_r1,codex_gpt_5_6_luna,1,codex,,27,27,2,2,0,False,,,,,
CompBio,ep-interactions-q1,galaxy_codex_gpt_5_6_luna_r2,codex_gpt_5_6_luna,2,codex,,58,58,3,3,0,False,,,,,
CompBio,ep-interactions-q1,galaxy_codex_gpt_5_6_luna_r3,codex_gpt_5_6_luna,3,codex,,15,15,1,1,0,False,,,,,
CompBio,ep-interactions-q1,galaxy_codex_gpt_5_6_sol_r1,codex_gpt_5_6_sol,1,codex,,6,6,0,0,0,False,,,,,
CompBio,ep-interactions-q1,galaxy_codex_gpt_5_6_sol_r2,codex_gpt_5_6_sol,2,codex,,5,5,0,0,0,False,,,,,
CompBio,ep-interactions-q1,galaxy_codex_gpt_5_6_sol_r3,codex_gpt_5_6_sol,3,codex,,33,33,3,3,0,False,,,,,
CompBio,exogenous-mix-reads-q1,galaxy_codex_deepseek_v4_pro_0813_r1,codex_deepseek_v4_pro_0813,1,codex,,48,48,6,6,0,False,,,,,
CompBio,exogenous-mix-reads-q1,galaxy_codex_deepseek_v4_pro_0813_r2,codex_deepseek_v4_pro_0813,2,codex,,79,79,7,7,0,False,,,,,
CompBio,exogenous-mix-reads-q1,galaxy_codex_deepseek_v4_pro_0813_r3,codex_deepseek_v4_pro_0813,3,codex,,48,48,3,3,0,False,,,,,
CompBio,exogenous-mix-reads-q1,galaxy_codex_gpt_5_5_r1,codex_gpt_5_5,1,codex,,2,2,0,0,0,False,,,,,
CompBio,exogenous-mix-reads-q1,galaxy_codex_gpt_5_5_r2,codex_gpt_5_5,2,codex,,52,52,7,7,0,False,,,,,
CompBio,exogenous-mix-reads-q1,galaxy_codex_gpt_5_5_r3,codex_gpt_5_5,3,codex,,61,61,8,8,0,False,,,,,
CompBio,exogenous-mix-reads-q1,galaxy_codex_gpt_5_6_luna_r1,codex_gpt_5_6_luna,1,codex,,156,156,11,11,0,True,,,,,1.0
CompBio,exogenous-mix-reads-q1,galaxy_codex_gpt_5_6_luna_r2,codex_gpt_5_6_luna,2,codex,,43,43,5,5,0,False,,,,,
CompBio,exogenous-mix-reads-q1,galaxy_codex_gpt_5_6_luna_r3,codex_gpt_5_6_luna,3,codex,,131,131,9,9,0,False,,,,,
CompBio,exogenous-mix-reads-q1,galaxy_codex_gpt_5_6_sol_r1,codex_gpt_5_6_sol,1,codex,,11,11,0,0,0,False,,,,,
CompBio,exogenous-mix-reads-q1,galaxy_codex_gpt_5_6_sol_r2,codex_gpt_5_6_sol,2,codex,,9,9,0,0,0,False,,,,,
CompBio,exogenous-mix-reads-q1,galaxy_codex_gpt_5_6_sol_r3,codex_gpt_5_6_sol,3,codex,,50,50,10,10,0,True,,,,,2.0
CompBio,exogenous-mix-reads-q2,galaxy_codex_deepseek_v4_pro_0813_r1,codex_deepseek_v4_pro_0813,1,codex,,90,90,4,4,0,False,,,,,
CompBio,exogenous-mix-reads-q2,galaxy_codex_deepseek_v4_pro_0813_r2,codex_deepseek_v4_pro_0813,2,codex,,152,152,18,18,0,True,,,,,3.0
CompBio,exogenous-mix-reads-q2,galaxy_codex_deepseek_v4_pro_0813_r3,codex_deepseek_v4_pro_0813,3,codex,,89,89,6,6,0,True,,,,,3.0
CompBio,exogenous-mix-reads-q2,galaxy_codex_gpt_5_5_r1,codex_gpt_5_5,1,codex,,9,9,0,0,0,False,,,,,
CompBio,exogenous-mix-reads-q2,galaxy_codex_gpt_5_5_r2,codex_gpt_5_5,2,codex,,52,52,10,10,0,False,,,,,
CompBio,exogenous-mix-reads-q2,galaxy_codex_gpt_5_5_r3,codex_gpt_5_5,3,codex,,67,67,6,6,0,False,,,,,
CompBio,exogenous-mix-reads-q2,galaxy_codex_gpt_5_6_luna_r1,codex_gpt_5_6_luna,1,codex,,31,31,2,2,0,False,,,,,
CompBio,exogenous-mix-reads-q2,galaxy_codex_gpt_5_6_luna_r3,codex_gpt_5_6_luna,3,codex,,199,199,10,10,0,False,,,,,
CompBio,exogenous-mix-reads-q2,galaxy_codex_gpt_5_6_sol_r1,codex_gpt_5_6_sol,1,codex,,6,6,0,0,0,False,,,,,
CompBio,exogenous-mix-reads-q2,galaxy_codex_gpt_5_6_sol_r2,codex_gpt_5_6_sol,2,codex,,7,7,0,0,0,False,,,,,
CompBio,exogenous-mix-reads-q2,galaxy_codex_gpt_5_6_sol_r3,codex_gpt_5_6_sol,3,codex,,10,10,0,0,0,False,,,,,
CompBio,extract-rna-secondary-structure-q1,galaxy_codex_deepseek_v4_pro_0813_r1,codex_deepseek_v4_pro_0813,1,codex,,10,10,0,0,0,False,,,,,
CompBio,extract-rna-secondary-structure-q1,galaxy_codex_deepseek_v4_pro_0813_r2,codex_deepseek_v4_pro_0813,2,codex,,29,29,3,3,0,False,,,,,
CompBio,extract-rna-secondary-structure-q1,galaxy_codex_deepseek_v4_pro_0813_r3,codex_deepseek_v4_pro_0813,3,codex,,13,13,0,0,0,False,,,,,
CompBio,extract-rna-secondary-structure-q1,galaxy_codex_gpt_5_5_r1,codex_gpt_5_5,1,codex,,6,6,1,1,0,False,,,,,
CompBio,extract-rna-secondary-structure-q1,galaxy_codex_gpt_5_5_r2,codex_gpt_5_5,2,codex,,20,20,6,6,0,False,,,,,
CompBio,extract-rna-secondary-structure-q1,galaxy_codex_gpt_5_5_r3,codex_gpt_5_5,3,codex,,20,20,7,7,0,False,,,,,
CompBio,extract-rna-secondary-structure-q1,galaxy_codex_gpt_5_6_luna_r1,codex_gpt_5_6_luna,1,codex,,36,36,15,15,0,False,,,,,
CompBio,extract-rna-secondary-structure-q1,galaxy_codex_gpt_5_6_luna_r2,codex_gpt_5_6_luna,2,codex,,74,74,5,5,0,False,,,,,
CompBio,extract-rna-secondary-structure-q1,galaxy_codex_gpt_5_6_luna_r3,codex_gpt_5_6_luna,3,codex,,21,21,2,2,0,False,,,,,
CompBio,extract-rna-secondary-structure-q1,galaxy_codex_gpt_5_6_sol_r1,codex_gpt_5_6_sol,1,codex,,11,11,2,2,0,False,,,,,
CompBio,extract-rna-secondary-structure-q1,galaxy_codex_gpt_5_6_sol_r2,codex_gpt_5_6_sol,2,codex,,10,10,0,0,0,False,,,,,
CompBio,extract-rna-secondary-structure-q1,galaxy_codex_gpt_5_6_sol_r3,codex_gpt_5_6_sol,3,codex,,15,15,0,0,0,False,,,,,
CompBio,find-amplification-q1,galaxy_codex_deepseek_v4_pro_0813_r1,codex_deepseek_v4_pro_0813,1,codex,,77,77,10,10,0,False,,,,,
CompBio,find-amplification-q1,galaxy_codex_deepseek_v4_pro_0813_r2,codex_deepseek_v4_pro_0813,2,codex,,67,67,8,8,0,False,,,,,
CompBio,find-amplification-q1,galaxy_codex_deepseek_v4_pro_0813_r3,codex_deepseek_v4_pro_0813,3,codex,,38,38,4,4,0,False,,,,,
CompBio,find-amplification-q1,galaxy_codex_gpt_5_5_r1,codex_gpt_5_5,1,codex,,9,9,3,3,0,False,,,,,
CompBio,find-amplification-q1,galaxy_codex_gpt_5_5_r2,codex_gpt_5_5,2,codex,,8,8,4,4,0,False,,,,,
CompBio,find-amplification-q1,galaxy_codex_gpt_5_5_r3,codex_gpt_5_5,3,codex,,53,53,7,7,0,False,,,,,
CompBio,find-amplification-q1,galaxy_codex_gpt_5_6_luna_r1,codex_gpt_5_6_luna,1,codex,,61,61,2,2,0,False,,,,,
CompBio,find-amplification-q1,galaxy_codex_gpt_5_6_luna_r2,codex_gpt_5_6_luna,2,codex,,95,95,8,8,0,False,,,,,
CompBio,find-amplification-q1,galaxy_codex_gpt_5_6_luna_r3,codex_gpt_5_6_luna,3,codex,,36,36,6,6,0,False,,,,,
CompBio,find-amplification-q1,galaxy_codex_gpt_5_6_sol_r1,codex_gpt_5_6_sol,1,codex,,37,37,3,3,0,False,,,,,
CompBio,find-amplification-q1,galaxy_codex_gpt_5_6_sol_r2,codex_gpt_5_6_sol,2,codex,,23,23,1,1,0,False,,,,,
CompBio,find-amplification-q1,galaxy_codex_gpt_5_6_sol_r3,codex_gpt_5_6_sol,3,codex,,21,21,1,1,0,False,,,,,
CompBio,find-deletion-q1,galaxy_codex_deepseek_v4_pro_0813_r1,codex_deepseek_v4_pro_0813,1,codex,,64,64,4,4,0,False,,,,,
CompBio,find-deletion-q1,galaxy_codex_deepseek_v4_pro_0813_r2,codex_deepseek_v4_pro_0813,2,codex,,75,75,2,2,0,False,,,,,
CompBio,find-deletion-q1,galaxy_codex_deepseek_v4_pro_0813_r3,codex_deepseek_v4_pro_0813,3,codex,,106,106,5,5,0,False,,,,,
CompBio,find-deletion-q1,galaxy_codex_gpt_5_5_r1,codex_gpt_5_5,1,codex,,25,25,2,2,0,False,,,,,
CompBio,find-deletion-q1,galaxy_codex_gpt_5_5_r2,codex_gpt_5_5,2,codex,,30,30,3,3,0,False,,,,,
CompBio,find-deletion-q1,galaxy_codex_gpt_5_5_r3,codex_gpt_5_5,3,codex,,18,18,3,3,0,False,,,,,
CompBio,find-deletion-q1,galaxy_codex_gpt_5_6_luna_r1,codex_gpt_5_6_luna,1,codex,,48,48,7,7,0,False,,,,,
CompBio,find-deletion-q1,galaxy_codex_gpt_5_6_luna_r2,codex_gpt_5_6_luna,2,codex,,59,59,5,5,0,True,,,,,2.0
CompBio,find-deletion-q1,galaxy_codex_gpt_5_6_luna_r3,codex_gpt_5_6_luna,3,codex,,161,161,11,11,0,False,,,,,
CompBio,find-deletion-q1,galaxy_codex_gpt_5_6_sol_r1,codex_gpt_5_6_sol,1,codex,,28,28,2,2,0,False,,,,,
CompBio,find-deletion-q1,galaxy_codex_gpt_5_6_sol_r2,codex_gpt_5_6_sol,2,codex,,29,29,2,2,0,False,,,,,
CompBio,find-deletion-q1,galaxy_codex_gpt_5_6_sol_r3,codex_gpt_5_6_sol,3,codex,,31,31,3,3,0,False,,,,,
CompBio,finding-geo-q1,galaxy_codex_deepseek_v4_pro_0813_r1,codex_deepseek_v4_pro_0813,1,codex,,25,25,3,3,0,False,,,,,
CompBio,finding-geo-q1,galaxy_codex_deepseek_v4_pro_0813_r2,codex_deepseek_v4_pro_0813,2,codex,,57,57,8,8,0,False,,,,,
CompBio,finding-geo-q1,galaxy_codex_deepseek_v4_pro_0813_r3,codex_deepseek_v4_pro_0813,3,codex,,147,147,23,23,0,False,,,,,
CompBio,finding-geo-q1,galaxy_codex_gpt_5_5_r1,codex_gpt_5_5,1,codex,,47,47,3,3,0,False,,,,,
CompBio,finding-geo-q1,galaxy_codex_gpt_5_5_r2,codex_gpt_5_5,2,codex,,40,40,3,3,0,False,,,,,
CompBio,finding-geo-q1,galaxy_codex_gpt_5_5_r3,codex_gpt_5_5,3,codex,,18,18,5,5,0,False,,,,,
CompBio,finding-geo-q1,galaxy_codex_gpt_5_6_luna_r1,codex_gpt_5_6_luna,1,codex,,213,213,10,10,0,False,,,,,
CompBio,finding-geo-q1,galaxy_codex_gpt_5_6_luna_r2,codex_gpt_5_6_luna,2,codex,,238,238,16,16,0,False,,,,,
CompBio,finding-geo-q1,galaxy_codex_gpt_5_6_luna_r3,codex_gpt_5_6_luna,3,codex,,133,133,19,19,0,False,,,,,
CompBio,finding-geo-q1,galaxy_codex_gpt_5_6_sol_r1,codex_gpt_5_6_sol,1,codex,,18,18,0,0,0,False,,,,,
CompBio,finding-geo-q1,galaxy_codex_gpt_5_6_sol_r2,codex_gpt_5_6_sol,2,codex,,8,8,0,0,0,False,,,,,
CompBio,finding-geo-q1,galaxy_codex_gpt_5_6_sol_r3,codex_gpt_5_6_sol,3,codex,,51,51,4,4,0,False,,,,,
CompBio,gene-expression-query-q1,galaxy_codex_deepseek_v4_pro_0813_r1,codex_deepseek_v4_pro_0813,1,codex,,28,28,3,3,0,False,,,,,
CompBio,gene-expression-query-q1,galaxy_codex_deepseek_v4_pro_0813_r2,codex_deepseek_v4_pro_0813,2,codex,,22,22,1,1,0,False,,,,,
CompBio,gene-expression-query-q1,galaxy_codex_deepseek_v4_pro_0813_r3,codex_deepseek_v4_pro_0813,3,codex,,33,33,3,3,0,False,,,,,
CompBio,gene-expression-query-q1,galaxy_codex_gpt_5_5_r1,codex_gpt_5_5,1,codex,,4,4,1,1,0,False,,,,,
CompBio,gene-expression-query-q1,galaxy_codex_gpt_5_5_r2,codex_gpt_5_5,2,codex,,19,19,0,0,0,False,,,,,
CompBio,gene-expression-query-q1,galaxy_codex_gpt_5_5_r3,codex_gpt_5_5,3,codex,,15,15,1,1,0,False,,,,,
CompBio,gene-expression-query-q1,galaxy_codex_gpt_5_6_luna_r1,codex_gpt_5_6_luna,1,codex,,62,62,7,7,0,False,,,,,
CompBio,gene-expression-query-q1,galaxy_codex_gpt_5_6_luna_r2,codex_gpt_5_6_luna,2,codex,,19,19,0,0,0,False,,,,,
CompBio,gene-expression-query-q1,galaxy_codex_gpt_5_6_luna_r3,codex_gpt_5_6_luna,3,codex,,47,47,4,4,0,False,,,,,
CompBio,gene-expression-query-q1,galaxy_codex_gpt_5_6_sol_r1,codex_gpt_5_6_sol,1,codex,,19,19,1,1,0,False,,,,,
CompBio,gene-expression-query-q1,galaxy_codex_gpt_5_6_sol_r2,codex_gpt_5_6_sol,2,codex,,18,18,1,1,0,False,,,,,
CompBio,gene-expression-query-q1,galaxy_codex_gpt_5_6_sol_r3,codex_gpt_5_6_sol,3,codex,,41,41,2,2,0,False,,,,,
CompBio,gene-fusion-q1,galaxy_codex_deepseek_v4_pro_0813_r1,codex_deepseek_v4_pro_0813,1,codex,,35,35,3,3,0,False,,,,,
CompBio,gene-fusion-q1,galaxy_codex_deepseek_v4_pro_0813_r2,codex_deepseek_v4_pro_0813,2,codex,,54,54,3,3,0,False,,,,,
CompBio,gene-fusion-q1,galaxy_codex_deepseek_v4_pro_0813_r3,codex_deepseek_v4_pro_0813,3,codex,,25,25,1,1,0,False,,,,,
CompBio,gene-fusion-q1,galaxy_codex_gpt_5_5_r1,codex_gpt_5_5,1,codex,,7,7,0,0,0,False,,,,,
CompBio,gene-fusion-q1,galaxy_codex_gpt_5_5_r2,codex_gpt_5_5,2,codex,,22,22,4,4,0,False,,,,,
CompBio,gene-fusion-q1,galaxy_codex_gpt_5_5_r3,codex_gpt_5_5,3,codex,,24,24,1,1,0,False,,,,,
CompBio,gene-fusion-q1,galaxy_codex_gpt_5_6_luna_r1,codex_gpt_5_6_luna,1,codex,,40,40,1,1,0,False,,,,,
CompBio,gene-fusion-q1,galaxy_codex_gpt_5_6_luna_r2,codex_gpt_5_6_luna,2,codex,,22,22,0,0,0,False,,,,,
CompBio,gene-fusion-q1,galaxy_codex_gpt_5_6_luna_r3,codex_gpt_5_6_luna,3,codex,,35,35,1,1,0,False,,,,,
CompBio,gene-fusion-q1,galaxy_codex_gpt_5_6_sol_r1,codex_gpt_5_6_sol,1,codex,,20,20,0,0,0,False,,,,,
CompBio,gene-fusion-q1,galaxy_codex_gpt_5_6_sol_r2,codex_gpt_5_6_sol,2,codex,,23,23,2,2,0,False,,,,,
CompBio,gene-fusion-q1,galaxy_codex_gpt_5_6_sol_r3,codex_gpt_5_6_sol,3,codex,,25,25,1,1,0,False,,,,,
CompBio,gene-fusion-q2,galaxy_codex_deepseek_v4_pro_0813_r1,codex_deepseek_v4_pro_0813,1,codex,,1,1,0,0,0,False,,,,,
CompBio,gene-fusion-q2,galaxy_codex_deepseek_v4_pro_0813_r2,codex_deepseek_v4_pro_0813,2,codex,,73,73,6,6,0,False,,,,,
CompBio,gene-fusion-q2,galaxy_codex_deepseek_v4_pro_0813_r3,codex_deepseek_v4_pro_0813,3,codex,,51,51,6,6,0,False,,,,,
CompBio,gene-fusion-q2,galaxy_codex_gpt_5_5_r1,codex_gpt_5_5,1,codex,,6,6,1,1,0,False,,,,,
CompBio,gene-fusion-q2,galaxy_codex_gpt_5_5_r2,codex_gpt_5_5,2,codex,,39,39,4,4,0,False,,,,,
CompBio,gene-fusion-q2,galaxy_codex_gpt_5_5_r3,codex_gpt_5_5,3,codex,,35,35,8,8,0,False,,,,,
CompBio,gene-fusion-q2,galaxy_codex_gpt_5_6_luna_r1,codex_gpt_5_6_luna,1,codex,,69,69,3,3,0,False,,,,,
CompBio,gene-fusion-q2,galaxy_codex_gpt_5_6_luna_r2,codex_gpt_5_6_luna,2,codex,,47,47,14,14,0,False,,,,,
CompBio,gene-fusion-q2,galaxy_codex_gpt_5_6_luna_r3,codex_gpt_5_6_luna,3,codex,,62,62,9,9,0,False,,,,,
CompBio,gene-fusion-q2,galaxy_codex_gpt_5_6_sol_r1,codex_gpt_5_6_sol,1,codex,,43,43,1,1,0,False,,,,,
CompBio,gene-fusion-q2,galaxy_codex_gpt_5_6_sol_r2,codex_gpt_5_6_sol,2,codex,,41,41,3,3,0,False,,,,,
CompBio,gene-fusion-q2,galaxy_codex_gpt_5_6_sol_r3,codex_gpt_5_6_sol,3,codex,,96,96,7,7,0,True,,,,,2.0
CompBio,gene-info-grab-q1,galaxy_codex_deepseek_v4_pro_0813_r1,codex_deepseek_v4_pro_0813,1,codex,,85,85,7,7,0,False,,,,,
CompBio,gene-info-grab-q1,galaxy_codex_deepseek_v4_pro_0813_r2,codex_deepseek_v4_pro_0813,2,codex,,89,89,2,2,0,False,,,,,
CompBio,gene-info-grab-q1,galaxy_codex_deepseek_v4_pro_0813_r3,codex_deepseek_v4_pro_0813,3,codex,,54,54,2,2,0,False,,,,,
CompBio,gene-info-grab-q1,galaxy_codex_gpt_5_5_r1,codex_gpt_5_5,1,codex,,1,1,0,0,0,False,,,,,
CompBio,gene-info-grab-q1,galaxy_codex_gpt_5_5_r2,codex_gpt_5_5,2,codex,,32,32,4,4,0,False,,,,,
CompBio,gene-info-grab-q1,galaxy_codex_gpt_5_5_r3,codex_gpt_5_5,3,codex,,46,46,6,6,0,False,,,,,
CompBio,gene-info-grab-q1,galaxy_codex_gpt_5_6_luna_r1,codex_gpt_5_6_luna,1,codex,,66,66,1,1,0,False,,,,,
CompBio,gene-info-grab-q1,galaxy_codex_gpt_5_6_luna_r2,codex_gpt_5_6_luna,2,codex,,53,53,1,1,0,False,,,,,
CompBio,gene-info-grab-q1,galaxy_codex_gpt_5_6_luna_r3,codex_gpt_5_6_luna,3,codex,,52,52,0,0,0,False,,,,,
CompBio,gene-info-grab-q1,galaxy_codex_gpt_5_6_sol_r1,codex_gpt_5_6_sol,1,codex,,16,16,6,6,0,False,,,,,
CompBio,gene-info-grab-q1,galaxy_codex_gpt_5_6_sol_r2,codex_gpt_5_6_sol,2,codex,,10,10,0,0,0,False,,,,,
CompBio,gene-info-grab-q1,galaxy_codex_gpt_5_6_sol_r3,codex_gpt_5_6_sol,3,codex,,3,3,1,1,0,False,,,,,
CompBio,gene-pair-ordering-fraction-q1,galaxy_codex_deepseek_v4_pro_0813_r1,codex_deepseek_v4_pro_0813,1,codex,,42,42,4,4,0,False,,,,,
CompBio,gene-pair-ordering-fraction-q1,galaxy_codex_deepseek_v4_pro_0813_r2,codex_deepseek_v4_pro_0813,2,codex,,66,66,2,2,0,False,,,,,
CompBio,gene-pair-ordering-fraction-q1,galaxy_codex_deepseek_v4_pro_0813_r3,codex_deepseek_v4_pro_0813,3,codex,,43,43,8,8,0,False,,,,,
CompBio,gene-pair-ordering-fraction-q1,galaxy_codex_gpt_5_5_r1,codex_gpt_5_5,1,codex,,3,3,0,0,0,False,,,,,
CompBio,gene-pair-ordering-fraction-q1,galaxy_codex_gpt_5_5_r2,codex_gpt_5_5,2,codex,,46,46,5,5,0,False,,,,,
CompBio,gene-pair-ordering-fraction-q1,galaxy_codex_gpt_5_5_r3,codex_gpt_5_5,3,codex,,38,38,7,7,0,False,,,,,
CompBio,gene-pair-ordering-fraction-q1,galaxy_codex_gpt_5_6_luna_r1,codex_gpt_5_6_luna,1,codex,,54,54,4,4,0,False,,,,,
CompBio,gene-pair-ordering-fraction-q1,galaxy_codex_gpt_5_6_luna_r2,codex_gpt_5_6_luna,2,codex,,69,69,9,9,0,False,,,,,
CompBio,gene-pair-ordering-fraction-q1,galaxy_codex_gpt_5_6_luna_r3,codex_gpt_5_6_luna,3,codex,,39,39,3,3,0,False,,,,,
CompBio,gene-pair-ordering-fraction-q1,galaxy_codex_gpt_5_6_sol_r1,codex_gpt_5_6_sol,1,codex,,43,43,0,0,0,False,,,,,
CompBio,gene-pair-ordering-fraction-q1,galaxy_codex_gpt_5_6_sol_r2,codex_gpt_5_6_sol,2,codex,,14,14,0,0,0,False,,,,,
CompBio,gene-pair-ordering-fraction-q1,galaxy_codex_gpt_5_6_sol_r3,codex_gpt_5_6_sol,3,codex,,10,10,0,0,0,False,,,,,
CompBio,genome-assembly-contiguity-q1,galaxy_codex_deepseek_v4_pro_0813_r1,codex_deepseek_v4_pro_0813,1,codex,,8,8,2,2,0,False,,,,,
CompBio,genome-assembly-contiguity-q1,galaxy_codex_deepseek_v4_pro_0813_r2,codex_deepseek_v4_pro_0813,2,codex,,24,24,2,2,0,False,,,,,
CompBio,genome-assembly-contiguity-q1,galaxy_codex_deepseek_v4_pro_0813_r3,codex_deepseek_v4_pro_0813,3,codex,,10,10,2,2,0,False,,,,,
CompBio,genome-assembly-contiguity-q1,galaxy_codex_gpt_5_5_r1,codex_gpt_5_5,1,codex,,5,5,0,0,0,False,,,,,
CompBio,genome-assembly-contiguity-q1,galaxy_codex_gpt_5_5_r2,codex_gpt_5_5,2,codex,,5,5,0,0,0,False,,,,,
CompBio,genome-assembly-contiguity-q1,galaxy_codex_gpt_5_5_r3,codex_gpt_5_5,3,codex,,4,4,0,0,0,False,,,,,
CompBio,genome-assembly-contiguity-q1,galaxy_codex_gpt_5_6_luna_r1,codex_gpt_5_6_luna,1,codex,,11,11,0,0,0,False,,,,,
CompBio,genome-assembly-contiguity-q1,galaxy_codex_gpt_5_6_luna_r2,codex_gpt_5_6_luna,2,codex,,9,9,1,1,0,False,,,,,
CompBio,genome-assembly-contiguity-q1,galaxy_codex_gpt_5_6_luna_r3,codex_gpt_5_6_luna,3,codex,,6,6,0,0,0,False,,,,,
CompBio,genome-assembly-contiguity-q1,galaxy_codex_gpt_5_6_sol_r1,codex_gpt_5_6_sol,1,codex,,8,8,0,0,0,False,,,,,
CompBio,genome-assembly-contiguity-q1,galaxy_codex_gpt_5_6_sol_r2,codex_gpt_5_6_sol,2,codex,,7,7,0,0,0,False,,,,,
CompBio,genome-assembly-contiguity-q1,galaxy_codex_gpt_5_6_sol_r3,codex_gpt_5_6_sol,3,codex,,7,7,0,0,0,False,,,,,
CompBio,genome-coords-q1,galaxy_codex_deepseek_v4_pro_0813_r1,codex_deepseek_v4_pro_0813,1,codex,,14,14,3,3,0,False,,,,,
CompBio,genome-coords-q1,galaxy_codex_deepseek_v4_pro_0813_r2,codex_deepseek_v4_pro_0813,2,codex,,25,25,1,1,0,False,,,,,
CompBio,genome-coords-q1,galaxy_codex_deepseek_v4_pro_0813_r3,codex_deepseek_v4_pro_0813,3,codex,,26,26,3,3,0,False,,,,,
CompBio,genome-coords-q1,galaxy_codex_gpt_5_5_r1,codex_gpt_5_5,1,codex,,4,4,0,0,0,False,,,,,
CompBio,genome-coords-q1,galaxy_codex_gpt_5_5_r2,codex_gpt_5_5,2,codex,,47,47,4,4,0,False,,,,,
CompBio,genome-coords-q1,galaxy_codex_gpt_5_5_r3,codex_gpt_5_5,3,codex,,22,22,13,13,0,False,,,,,
CompBio,genome-coords-q1,galaxy_codex_gpt_5_6_luna_r1,codex_gpt_5_6_luna,1,codex,,16,16,3,3,0,False,,,,,
CompBio,genome-coords-q1,galaxy_codex_gpt_5_6_luna_r2,codex_gpt_5_6_luna,2,codex,,4,4,0,0,0,False,,,,,
CompBio,genome-coords-q1,galaxy_codex_gpt_5_6_luna_r3,codex_gpt_5_6_luna,3,codex,,48,48,11,11,0,False,,,,,
CompBio,genome-coords-q1,galaxy_codex_gpt_5_6_sol_r1,codex_gpt_5_6_sol,1,codex,,4,4,0,0,0,False,,,,,
CompBio,genome-coords-q1,galaxy_codex_gpt_5_6_sol_r2,codex_gpt_5_6_sol,2,codex,,94,94,9,9,0,True,,,,,2.0
CompBio,genome-coords-q1,galaxy_codex_gpt_5_6_sol_r3,codex_gpt_5_6_sol,3,codex,,30,30,5,5,0,True,,,,,2.0
CompBio,genomic-state-q1,galaxy_codex_deepseek_v4_pro_0813_r1,codex_deepseek_v4_pro_0813,1,codex,,2,2,0,0,0,False,,,,,
CompBio,genomic-state-q1,galaxy_codex_deepseek_v4_pro_0813_r2,codex_deepseek_v4_pro_0813,2,codex,,66,66,2,2,0,False,,,,,
CompBio,genomic-state-q1,galaxy_codex_deepseek_v4_pro_0813_r3,codex_deepseek_v4_pro_0813,3,codex,,26,26,6,6,0,False,,,,,
CompBio,genomic-state-q1,galaxy_codex_gpt_5_5_r1,codex_gpt_5_5,1,codex,,12,12,2,2,0,False,,,,,
CompBio,genomic-state-q1,galaxy_codex_gpt_5_5_r2,codex_gpt_5_5,2,codex,,28,28,0,0,0,False,,,,,
CompBio,genomic-state-q1,galaxy_codex_gpt_5_5_r3,codex_gpt_5_5,3,codex,,23,23,5,5,0,False,,,,,
CompBio,genomic-state-q1,galaxy_codex_gpt_5_6_luna_r1,codex_gpt_5_6_luna,1,codex,,78,78,2,2,0,False,,,,,
CompBio,genomic-state-q1,galaxy_codex_gpt_5_6_luna_r2,codex_gpt_5_6_luna,2,codex,,32,32,0,0,0,False,,,,,
CompBio,genomic-state-q1,galaxy_codex_gpt_5_6_luna_r3,codex_gpt_5_6_luna,3,codex,,74,74,3,3,0,False,,,,,
CompBio,genomic-state-q1,galaxy_codex_gpt_5_6_sol_r1,codex_gpt_5_6_sol,1,codex,,62,62,10,10,0,False,,,,,
CompBio,genomic-state-q1,galaxy_codex_gpt_5_6_sol_r2,codex_gpt_5_6_sol,2,codex,,2,2,0,0,0,False,,,,,
CompBio,genomic-state-q1,galaxy_codex_gpt_5_6_sol_r3,codex_gpt_5_6_sol,3,codex,,12,12,0,0,0,False,,,,,
CompBio,geo-lookup-read-matrix-market-q1,galaxy_codex_deepseek_v4_pro_0813_r1,codex_deepseek_v4_pro_0813,1,codex,,31,31,0,0,0,False,,,,,
CompBio,geo-lookup-read-matrix-market-q1,galaxy_codex_deepseek_v4_pro_0813_r2,codex_deepseek_v4_pro_0813,2,codex,,58,58,6,6,0,False,,,,,
CompBio,geo-lookup-read-matrix-market-q1,galaxy_codex_deepseek_v4_pro_0813_r3,codex_deepseek_v4_pro_0813,3,codex,,29,29,1,1,0,False,,,,,
CompBio,geo-lookup-read-matrix-market-q1,galaxy_codex_gpt_5_5_r1,codex_gpt_5_5,1,codex,,3,3,0,0,0,False,,,,,
CompBio,geo-lookup-read-matrix-market-q1,galaxy_codex_gpt_5_5_r2,codex_gpt_5_5,2,codex,,23,23,4,4,0,False,,,,,
CompBio,geo-lookup-read-matrix-market-q1,galaxy_codex_gpt_5_5_r3,codex_gpt_5_5,3,codex,,34,34,2,2,0,False,,,,,
CompBio,geo-lookup-read-matrix-market-q1,galaxy_codex_gpt_5_6_luna_r1,codex_gpt_5_6_luna,1,codex,,47,47,1,1,0,False,,,,,
CompBio,geo-lookup-read-matrix-market-q1,galaxy_codex_gpt_5_6_luna_r2,codex_gpt_5_6_luna,2,codex,,25,25,0,0,0,False,,,,,
CompBio,geo-lookup-read-matrix-market-q1,galaxy_codex_gpt_5_6_luna_r3,codex_gpt_5_6_luna,3,codex,,24,24,1,1,0,False,,,,,
CompBio,geo-lookup-read-matrix-market-q1,galaxy_codex_gpt_5_6_sol_r1,codex_gpt_5_6_sol,1,codex,,20,20,0,0,0,False,,,,,
CompBio,geo-lookup-read-matrix-market-q1,galaxy_codex_gpt_5_6_sol_r2,codex_gpt_5_6_sol,2,codex,,27,27,1,1,0,False,,,,,
CompBio,geo-lookup-read-matrix-market-q1,galaxy_codex_gpt_5_6_sol_r3,codex_gpt_5_6_sol,3,codex,,15,15,0,0,0,False,,,,,
CompBio,gtf-5-utr-median-len-q1,galaxy_codex_deepseek_v4_pro_0813_r1,codex_deepseek_v4_pro_0813,1,codex,,7,7,0,0,0,False,,,,,
CompBio,gtf-5-utr-median-len-q1,galaxy_codex_deepseek_v4_pro_0813_r2,codex_deepseek_v4_pro_0813,2,codex,,30,30,2,2,0,False,,,,,
CompBio,gtf-5-utr-median-len-q1,galaxy_codex_deepseek_v4_pro_0813_r3,codex_deepseek_v4_pro_0813,3,codex,,108,108,12,12,0,False,,,,,
CompBio,gtf-5-utr-median-len-q1,galaxy_codex_gpt_5_5_r1,codex_gpt_5_5,1,codex,,6,6,2,2,0,False,,,,,
CompBio,gtf-5-utr-median-len-q1,galaxy_codex_gpt_5_5_r2,codex_gpt_5_5,2,codex,,88,88,7,7,0,True,,,,,2.0
CompBio,gtf-5-utr-median-len-q1,galaxy_codex_gpt_5_5_r3,codex_gpt_5_5,3,codex,,19,19,5,5,0,False,,,,,
CompBio,gtf-5-utr-median-len-q1,galaxy_codex_gpt_5_6_luna_r1,codex_gpt_5_6_luna,1,codex,,26,26,7,7,0,True,,,,,3.0
CompBio,gtf-5-utr-median-len-q1,galaxy_codex_gpt_5_6_luna_r2,codex_gpt_5_6_luna,2,codex,,156,156,7,7,0,True,,,,,2.0
CompBio,gtf-5-utr-median-len-q1,galaxy_codex_gpt_5_6_luna_r3,codex_gpt_5_6_luna,3,codex,,108,108,19,19,0,False,,,,,
CompBio,gtf-5-utr-median-len-q1,galaxy_codex_gpt_5_6_sol_r1,codex_gpt_5_6_sol,1,codex,,10,10,1,1,0,False,,,,,
CompBio,gtf-5-utr-median-len-q1,galaxy_codex_gpt_5_6_sol_r2,codex_gpt_5_6_sol,2,codex,,3,3,0,0,0,False,,,,,
CompBio,gtf-5-utr-median-len-q1,galaxy_codex_gpt_5_6_sol_r3,codex_gpt_5_6_sol,3,codex,,88,88,4,4,0,True,,,,,3.0
CompBio,gwas-ancestry-q1,galaxy_codex_deepseek_v4_pro_0813_r1,codex_deepseek_v4_pro_0813,1,codex,,57,57,4,4,0,False,,,,,
CompBio,gwas-ancestry-q1,galaxy_codex_deepseek_v4_pro_0813_r2,codex_deepseek_v4_pro_0813,2,codex,,35,35,2,2,0,False,,,,,
CompBio,gwas-ancestry-q1,galaxy_codex_deepseek_v4_pro_0813_r3,codex_deepseek_v4_pro_0813,3,codex,,13,13,0,0,0,False,,,,,
CompBio,gwas-ancestry-q1,galaxy_codex_gpt_5_5_r1,codex_gpt_5_5,1,codex,,6,6,0,0,0,False,,,,,
CompBio,gwas-ancestry-q1,galaxy_codex_gpt_5_5_r2,codex_gpt_5_5,2,codex,,34,34,5,5,0,False,,,,,
CompBio,gwas-ancestry-q1,galaxy_codex_gpt_5_5_r3,codex_gpt_5_5,3,codex,,52,52,7,7,0,False,,,,,
CompBio,gwas-ancestry-q1,galaxy_codex_gpt_5_6_luna_r1,codex_gpt_5_6_luna,1,codex,,35,35,6,6,0,False,,,,,
CompBio,gwas-ancestry-q1,galaxy_codex_gpt_5_6_luna_r2,codex_gpt_5_6_luna,2,codex,,75,75,3,3,0,False,,,,,
CompBio,gwas-ancestry-q1,galaxy_codex_gpt_5_6_luna_r3,codex_gpt_5_6_luna,3,codex,,68,68,8,8,0,False,,,,,
CompBio,gwas-ancestry-q1,galaxy_codex_gpt_5_6_sol_r1,codex_gpt_5_6_sol,1,codex,,14,14,1,1,0,False,,,,,
CompBio,gwas-ancestry-q1,galaxy_codex_gpt_5_6_sol_r2,codex_gpt_5_6_sol,2,codex,,16,16,2,2,0,False,,,,,
CompBio,gwas-ancestry-q1,galaxy_codex_gpt_5_6_sol_r3,codex_gpt_5_6_sol,3,codex,,14,14,2,2,0,False,,,,,
CompBio,hic-differential-loop-q1,galaxy_codex_deepseek_v4_pro_0813_r1,codex_deepseek_v4_pro_0813,1,codex,,1,1,0,0,0,False,,,,,
CompBio,hic-differential-loop-q1,galaxy_codex_deepseek_v4_pro_0813_r2,codex_deepseek_v4_pro_0813,2,codex,,39,39,5,5,0,False,,,,,
CompBio,hic-differential-loop-q1,galaxy_codex_deepseek_v4_pro_0813_r3,codex_deepseek_v4_pro_0813,3,codex,,99,99,14,14,0,False,,,,,
CompBio,hic-differential-loop-q1,galaxy_codex_gpt_5_5_r1,codex_gpt_5_5,1,codex,,6,6,3,3,0,False,,,,,
CompBio,hic-differential-loop-q1,galaxy_codex_gpt_5_5_r2,codex_gpt_5_5,2,codex,,31,31,7,7,0,False,,,,,
CompBio,hic-differential-loop-q1,galaxy_codex_gpt_5_5_r3,codex_gpt_5_5,3,codex,,25,25,4,4,0,False,,,,,
CompBio,hic-differential-loop-q1,galaxy_codex_gpt_5_6_luna_r1,codex_gpt_5_6_luna,1,codex,,65,65,6,6,0,False,,,,,
CompBio,hic-differential-loop-q1,galaxy_codex_gpt_5_6_luna_r2,codex_gpt_5_6_luna,2,codex,,50,50,5,5,0,False,,,,,
CompBio,hic-differential-loop-q1,galaxy_codex_gpt_5_6_luna_r3,codex_gpt_5_6_luna,3,codex,,51,51,3,3,0,False,,,,,
CompBio,hic-differential-loop-q1,galaxy_codex_gpt_5_6_sol_r1,codex_gpt_5_6_sol,1,codex,,28,28,3,3,0,False,,,,,
CompBio,hic-differential-loop-q1,galaxy_codex_gpt_5_6_sol_r2,codex_gpt_5_6_sol,2,codex,,15,15,4,4,0,False,,,,,
CompBio,hic-differential-loop-q1,galaxy_codex_gpt_5_6_sol_r3,codex_gpt_5_6_sol,3,codex,,25,25,6,6,0,False,,,,,
CompBio,histone-chip-q1,galaxy_codex_deepseek_v4_pro_0813_r1,codex_deepseek_v4_pro_0813,1,codex,,146,146,26,26,0,False,,,,,
CompBio,histone-chip-q1,galaxy_codex_deepseek_v4_pro_0813_r2,codex_deepseek_v4_pro_0813,2,codex,,145,145,7,7,0,False,,,,,
CompBio,histone-chip-q1,galaxy_codex_deepseek_v4_pro_0813_r3,codex_deepseek_v4_pro_0813,3,codex,,126,126,6,6,0,False,,,,,
CompBio,histone-chip-q1,galaxy_codex_gpt_5_5_r1,codex_gpt_5_5,1,codex,,6,6,1,1,0,False,,,,,
CompBio,histone-chip-q1,galaxy_codex_gpt_5_5_r2,codex_gpt_5_5,2,codex,,55,55,2,2,0,False,,,,,
CompBio,histone-chip-q1,galaxy_codex_gpt_5_5_r3,codex_gpt_5_5,3,codex,,38,38,4,4,0,False,,,,,
CompBio,histone-chip-q1,galaxy_codex_gpt_5_6_luna_r1,codex_gpt_5_6_luna,1,codex,,70,70,0,0,0,False,,,,,
CompBio,histone-chip-q1,galaxy_codex_gpt_5_6_luna_r3,codex_gpt_5_6_luna,3,codex,,68,68,8,8,0,False,,,,,
CompBio,histone-chip-q1,galaxy_codex_gpt_5_6_sol_r1,codex_gpt_5_6_sol,1,codex,,9,9,0,0,0,False,,,,,
CompBio,histone-chip-q1,galaxy_codex_gpt_5_6_sol_r2,codex_gpt_5_6_sol,2,codex,,16,16,2,2,0,False,,,,,
CompBio,histone-chip-q1,galaxy_codex_gpt_5_6_sol_r3,codex_gpt_5_6_sol,3,codex,,15,15,0,0,0,False,,,,,
CompBio,huggingface-entropy-q1,galaxy_codex_deepseek_v4_pro_0813_r1,codex_deepseek_v4_pro_0813,1,codex,,2,2,0,0,0,False,,,,,
CompBio,huggingface-entropy-q1,galaxy_codex_deepseek_v4_pro_0813_r2,codex_deepseek_v4_pro_0813,2,codex,,21,21,9,9,0,False,,,,,
CompBio,huggingface-entropy-q1,galaxy_codex_deepseek_v4_pro_0813_r3,codex_deepseek_v4_pro_0813,3,codex,,27,27,3,3,0,False,,,,,
CompBio,huggingface-entropy-q1,galaxy_codex_gpt_5_5_r1,codex_gpt_5_5,1,codex,,7,7,3,3,0,False,,,,,
CompBio,huggingface-entropy-q1,galaxy_codex_gpt_5_5_r2,codex_gpt_5_5,2,codex,,28,28,12,12,0,False,,,,,
CompBio,huggingface-entropy-q1,galaxy_codex_gpt_5_5_r3,codex_gpt_5_5,3,codex,,18,18,6,6,0,False,,,,,
CompBio,huggingface-entropy-q1,galaxy_codex_gpt_5_6_luna_r1,codex_gpt_5_6_luna,1,codex,,42,42,15,15,0,True,,,,,4.0
CompBio,huggingface-entropy-q1,galaxy_codex_gpt_5_6_luna_r2,codex_gpt_5_6_luna,2,codex,,64,64,12,12,0,True,,,,,8.0
CompBio,huggingface-entropy-q1,galaxy_codex_gpt_5_6_luna_r3,codex_gpt_5_6_luna,3,codex,,50,50,5,5,0,False,,,,,
CompBio,huggingface-entropy-q1,galaxy_codex_gpt_5_6_sol_r1,codex_gpt_5_6_sol,1,codex,,16,16,2,2,0,False,,,,,
CompBio,huggingface-entropy-q1,galaxy_codex_gpt_5_6_sol_r2,codex_gpt_5_6_sol,2,codex,,9,9,1,1,0,False,,,,,
CompBio,huggingface-entropy-q1,galaxy_codex_gpt_5_6_sol_r3,codex_gpt_5_6_sol,3,codex,,11,11,1,1,0,False,,,,,
CompBio,identify-donor-q1,galaxy_codex_deepseek_v4_pro_0813_r1,codex_deepseek_v4_pro_0813,1,codex,,1,1,0,0,0,False,,,,,
CompBio,identify-donor-q1,galaxy_codex_deepseek_v4_pro_0813_r2,codex_deepseek_v4_pro_0813,2,codex,,88,88,12,12,0,False,,,,,
CompBio,identify-donor-q1,galaxy_codex_deepseek_v4_pro_0813_r3,codex_deepseek_v4_pro_0813,3,codex,,94,94,7,7,0,False,,,,,
CompBio,identify-donor-q1,galaxy_codex_gpt_5_5_r1,codex_gpt_5_5,1,codex,,6,6,2,2,0,False,,,,,
CompBio,identify-donor-q1,galaxy_codex_gpt_5_5_r2,codex_gpt_5_5,2,codex,,109,109,12,12,0,False,,,,,
CompBio,identify-donor-q1,galaxy_codex_gpt_5_5_r3,codex_gpt_5_5,3,codex,,56,56,10,10,0,False,,,,,
CompBio,identify-donor-q1,galaxy_codex_gpt_5_6_luna_r1,codex_gpt_5_6_luna,1,codex,,192,192,24,24,0,False,,,,,
CompBio,identify-donor-q1,galaxy_codex_gpt_5_6_luna_r2,codex_gpt_5_6_luna,2,codex,,250,250,45,45,0,True,,,,,2.0
CompBio,identify-donor-q1,galaxy_codex_gpt_5_6_luna_r3,codex_gpt_5_6_luna,3,codex,,160,160,16,16,0,False,,,,,
CompBio,identify-donor-q1,galaxy_codex_gpt_5_6_sol_r1,codex_gpt_5_6_sol,1,codex,,41,41,1,1,0,False,,,,,
CompBio,identify-donor-q1,galaxy_codex_gpt_5_6_sol_r2,codex_gpt_5_6_sol,2,codex,,35,35,1,1,0,False,,,,,
CompBio,identify-donor-q1,galaxy_codex_gpt_5_6_sol_r3,codex_gpt_5_6_sol,3,codex,,78,78,14,14,0,False,,,,,
CompBio,identify-related-q1,galaxy_codex_deepseek_v4_pro_0813_r1,codex_deepseek_v4_pro_0813,1,codex,,47,47,8,8,0,False,,,,,
CompBio,identify-related-q1,galaxy_codex_deepseek_v4_pro_0813_r2,codex_deepseek_v4_pro_0813,2,codex,,21,21,0,0,0,False,,,,,
CompBio,identify-related-q1,galaxy_codex_deepseek_v4_pro_0813_r3,codex_deepseek_v4_pro_0813,3,codex,,32,32,6,6,0,True,,,,,4.0
CompBio,identify-related-q1,galaxy_codex_gpt_5_5_r1,codex_gpt_5_5,1,codex,,13,13,7,7,0,False,,,,,
CompBio,identify-related-q1,galaxy_codex_gpt_5_5_r2,codex_gpt_5_5,2,codex,,26,26,4,4,0,False,,,,,
CompBio,identify-related-q1,galaxy_codex_gpt_5_5_r3,codex_gpt_5_5,3,codex,,60,60,8,8,0,False,,,,,
CompBio,identify-related-q1,galaxy_codex_gpt_5_6_luna_r2,codex_gpt_5_6_luna,2,codex,,39,39,1,1,0,False,,,,,
CompBio,identify-related-q1,galaxy_codex_gpt_5_6_luna_r3,codex_gpt_5_6_luna,3,codex,,21,21,1,1,0,False,,,,,
CompBio,identify-related-q1,galaxy_codex_gpt_5_6_sol_r1,codex_gpt_5_6_sol,1,codex,,12,12,1,1,0,False,,,,,
CompBio,identify-related-q1,galaxy_codex_gpt_5_6_sol_r2,codex_gpt_5_6_sol,2,codex,,17,17,2,2,0,False,,,,,
CompBio,identify-related-q1,galaxy_codex_gpt_5_6_sol_r3,codex_gpt_5_6_sol,3,codex,,160,160,13,13,0,False,,,,,
CompBio,lung-cancer-sc-q1,galaxy_codex_deepseek_v4_pro_0813_r1,codex_deepseek_v4_pro_0813,1,codex,,34,34,1,1,0,False,,,,,
CompBio,lung-cancer-sc-q1,galaxy_codex_deepseek_v4_pro_0813_r2,codex_deepseek_v4_pro_0813,2,codex,,40,40,6,6,0,False,,,,,
CompBio,lung-cancer-sc-q1,galaxy_codex_deepseek_v4_pro_0813_r3,codex_deepseek_v4_pro_0813,3,codex,,89,89,9,9,0,True,,,,,6.0
CompBio,lung-cancer-sc-q1,galaxy_codex_gpt_5_5_r1,codex_gpt_5_5,1,codex,,12,12,1,1,0,False,,,,,
CompBio,lung-cancer-sc-q1,galaxy_codex_gpt_5_5_r2,codex_gpt_5_5,2,codex,,43,43,6,6,0,False,,,,,
CompBio,lung-cancer-sc-q1,galaxy_codex_gpt_5_5_r3,codex_gpt_5_5,3,codex,,13,13,4,4,0,False,,,,,
CompBio,lung-cancer-sc-q1,galaxy_codex_gpt_5_6_luna_r1,codex_gpt_5_6_luna,1,codex,,34,34,1,1,0,False,,,,,
CompBio,lung-cancer-sc-q1,galaxy_codex_gpt_5_6_luna_r2,codex_gpt_5_6_luna,2,codex,,40,40,1,1,0,False,,,,,
CompBio,lung-cancer-sc-q1,galaxy_codex_gpt_5_6_luna_r3,codex_gpt_5_6_luna,3,codex,,30,30,2,2,0,False,,,,,
CompBio,lung-cancer-sc-q1,galaxy_codex_gpt_5_6_sol_r1,codex_gpt_5_6_sol,1,codex,,20,20,1,1,0,False,,,,,
CompBio,lung-cancer-sc-q1,galaxy_codex_gpt_5_6_sol_r2,codex_gpt_5_6_sol,2,codex,,21,21,0,0,0,False,,,,,
CompBio,lung-cancer-sc-q1,galaxy_codex_gpt_5_6_sol_r3,codex_gpt_5_6_sol,3,codex,,12,12,0,0,0,False,,,,,
CompBio,match-genotypes-q1,galaxy_codex_deepseek_v4_pro_0813_r1,codex_deepseek_v4_pro_0813,1,codex,,36,36,9,9,0,False,,,,,
CompBio,match-genotypes-q1,galaxy_codex_deepseek_v4_pro_0813_r2,codex_deepseek_v4_pro_0813,2,codex,,21,21,1,1,0,False,,,,,
CompBio,match-genotypes-q1,galaxy_codex_deepseek_v4_pro_0813_r3,codex_deepseek_v4_pro_0813,3,codex,,18,18,0,0,0,False,,,,,
CompBio,match-genotypes-q1,galaxy_codex_gpt_5_5_r1,codex_gpt_5_5,1,codex,,13,13,3,3,0,False,,,,,
CompBio,match-genotypes-q1,galaxy_codex_gpt_5_5_r2,codex_gpt_5_5,2,codex,,29,29,8,8,0,False,,,,,
CompBio,match-genotypes-q1,galaxy_codex_gpt_5_5_r3,codex_gpt_5_5,3,codex,,26,26,7,7,0,False,,,,,
CompBio,match-genotypes-q1,galaxy_codex_gpt_5_6_luna_r1,codex_gpt_5_6_luna,1,codex,,130,130,28,28,0,True,,,,,5.0
CompBio,match-genotypes-q1,galaxy_codex_gpt_5_6_luna_r2,codex_gpt_5_6_luna,2,codex,,113,113,28,28,0,False,,,,,
CompBio,match-genotypes-q1,galaxy_codex_gpt_5_6_luna_r3,codex_gpt_5_6_luna,3,codex,,27,27,1,1,0,False,,,,,
CompBio,match-genotypes-q1,galaxy_codex_gpt_5_6_sol_r1,codex_gpt_5_6_sol,1,codex,,18,18,2,2,0,False,,,,,
CompBio,match-genotypes-q1,galaxy_codex_gpt_5_6_sol_r2,codex_gpt_5_6_sol,2,codex,,9,9,2,2,0,False,,,,,
CompBio,match-genotypes-q1,galaxy_codex_gpt_5_6_sol_r3,codex_gpt_5_6_sol,3,codex,,103,103,14,14,0,True,,,,,6.0
CompBio,ml-model-track-overlap-q1,galaxy_codex_deepseek_v4_pro_0813_r1,codex_deepseek_v4_pro_0813,1,codex,,18,18,4,4,0,False,,,,,
CompBio,ml-model-track-overlap-q1,galaxy_codex_deepseek_v4_pro_0813_r2,codex_deepseek_v4_pro_0813,2,codex,,16,16,0,0,0,False,,,,,
CompBio,ml-model-track-overlap-q1,galaxy_codex_deepseek_v4_pro_0813_r3,codex_deepseek_v4_pro_0813,3,codex,,23,23,1,1,0,False,,,,,
CompBio,ml-model-track-overlap-q1,galaxy_codex_gpt_5_5_r1,codex_gpt_5_5,1,codex,,3,3,0,0,0,False,,,,,
CompBio,ml-model-track-overlap-q1,galaxy_codex_gpt_5_5_r2,codex_gpt_5_5,2,codex,,9,9,4,4,0,False,,,,,
CompBio,ml-model-track-overlap-q1,galaxy_codex_gpt_5_5_r3,codex_gpt_5_5,3,codex,,36,36,5,5,0,False,,,,,
CompBio,ml-model-track-overlap-q1,galaxy_codex_gpt_5_6_luna_r1,codex_gpt_5_6_luna,1,codex,,17,17,2,2,0,False,,,,,
CompBio,ml-model-track-overlap-q1,galaxy_codex_gpt_5_6_luna_r2,codex_gpt_5_6_luna,2,codex,,153,153,21,21,0,True,,,,,4.0
CompBio,ml-model-track-overlap-q1,galaxy_codex_gpt_5_6_luna_r3,codex_gpt_5_6_luna,3,codex,,115,115,12,12,0,False,,,,,
CompBio,ml-model-track-overlap-q1,galaxy_codex_gpt_5_6_sol_r1,codex_gpt_5_6_sol,1,codex,,8,8,2,2,0,False,,,,,
CompBio,ml-model-track-overlap-q1,galaxy_codex_gpt_5_6_sol_r2,codex_gpt_5_6_sol,2,codex,,78,78,5,5,0,False,,,,,
CompBio,ml-model-track-overlap-q1,galaxy_codex_gpt_5_6_sol_r3,codex_gpt_5_6_sol,3,codex,,10,10,1,1,0,False,,,,,
CompBio,multiome-match-atac-rna-q1,galaxy_codex_deepseek_v4_pro_0813_r1,codex_deepseek_v4_pro_0813,1,codex,,15,15,1,1,0,False,,,,,
CompBio,multiome-match-atac-rna-q1,galaxy_codex_deepseek_v4_pro_0813_r2,codex_deepseek_v4_pro_0813,2,codex,,9,9,1,1,0,False,,,,,
CompBio,multiome-match-atac-rna-q1,galaxy_codex_deepseek_v4_pro_0813_r3,codex_deepseek_v4_pro_0813,3,codex,,108,108,14,14,0,False,,,,,
CompBio,multiome-match-atac-rna-q1,galaxy_codex_gpt_5_5_r1,codex_gpt_5_5,1,codex,,6,6,0,0,0,False,,,,,
CompBio,multiome-match-atac-rna-q1,galaxy_codex_gpt_5_5_r2,codex_gpt_5_5,2,codex,,23,23,4,4,0,False,,,,,
CompBio,multiome-match-atac-rna-q1,galaxy_codex_gpt_5_5_r3,codex_gpt_5_5,3,codex,,22,22,7,7,0,False,,,,,
CompBio,multiome-match-atac-rna-q1,galaxy_codex_gpt_5_6_luna_r1,codex_gpt_5_6_luna,1,codex,,15,15,0,0,0,False,,,,,
CompBio,multiome-match-atac-rna-q1,galaxy_codex_gpt_5_6_luna_r2,codex_gpt_5_6_luna,2,codex,,17,17,2,2,0,False,,,,,
CompBio,multiome-match-atac-rna-q1,galaxy_codex_gpt_5_6_luna_r3,codex_gpt_5_6_luna,3,codex,,20,20,0,0,0,False,,,,,
CompBio,multiome-match-atac-rna-q1,galaxy_codex_gpt_5_6_sol_r1,codex_gpt_5_6_sol,1,codex,,5,5,0,0,0,False,,,,,
CompBio,multiome-match-atac-rna-q1,galaxy_codex_gpt_5_6_sol_r2,codex_gpt_5_6_sol,2,codex,,6,6,0,0,0,False,,,,,
CompBio,multiome-match-atac-rna-q1,galaxy_codex_gpt_5_6_sol_r3,codex_gpt_5_6_sol,3,codex,,127,127,21,21,0,True,,,,,2.0
CompBio,mystery-peak-set-q1,galaxy_codex_deepseek_v4_pro_0813_r1,codex_deepseek_v4_pro_0813,1,codex,,45,45,6,6,0,False,,,,,
CompBio,mystery-peak-set-q1,galaxy_codex_deepseek_v4_pro_0813_r2,codex_deepseek_v4_pro_0813,2,codex,,47,47,6,6,0,False,,,,,
CompBio,mystery-peak-set-q1,galaxy_codex_deepseek_v4_pro_0813_r3,codex_deepseek_v4_pro_0813,3,codex,,46,46,3,3,0,False,,,,,
CompBio,mystery-peak-set-q1,galaxy_codex_gpt_5_5_r1,codex_gpt_5_5,1,codex,,4,4,0,0,0,False,,,,,
CompBio,mystery-peak-set-q1,galaxy_codex_gpt_5_5_r2,codex_gpt_5_5,2,codex,,19,19,4,4,0,False,,,,,
CompBio,mystery-peak-set-q1,galaxy_codex_gpt_5_5_r3,codex_gpt_5_5,3,codex,,37,37,4,4,0,False,,,,,
CompBio,mystery-peak-set-q1,galaxy_codex_gpt_5_6_luna_r1,codex_gpt_5_6_luna,1,codex,,55,55,6,6,0,False,,,,,
CompBio,mystery-peak-set-q1,galaxy_codex_gpt_5_6_luna_r2,codex_gpt_5_6_luna,2,codex,,36,36,2,2,0,False,,,,,
CompBio,mystery-peak-set-q1,galaxy_codex_gpt_5_6_sol_r1,codex_gpt_5_6_sol,1,codex,,38,38,0,0,0,False,,,,,
CompBio,mystery-peak-set-q1,galaxy_codex_gpt_5_6_sol_r2,codex_gpt_5_6_sol,2,codex,,8,8,0,0,0,False,,,,,
CompBio,mystery-peak-set-q1,galaxy_codex_gpt_5_6_sol_r3,codex_gpt_5_6_sol,3,codex,,41,41,1,1,0,False,,,,,
CompBio,odd-one-out-q1,galaxy_codex_deepseek_v4_pro_0813_r1,codex_deepseek_v4_pro_0813,1,codex,,108,108,11,11,0,False,,,,,
CompBio,odd-one-out-q1,galaxy_codex_deepseek_v4_pro_0813_r2,codex_deepseek_v4_pro_0813,2,codex,,164,164,12,12,0,False,,,,,
CompBio,odd-one-out-q1,galaxy_codex_deepseek_v4_pro_0813_r3,codex_deepseek_v4_pro_0813,3,codex,,95,95,17,17,0,False,,,,,
CompBio,odd-one-out-q1,galaxy_codex_gpt_5_5_r1,codex_gpt_5_5,1,codex,,6,6,0,0,0,False,,,,,
CompBio,odd-one-out-q1,galaxy_codex_gpt_5_5_r2,codex_gpt_5_5,2,codex,,82,82,6,6,0,False,,,,,
CompBio,odd-one-out-q1,galaxy_codex_gpt_5_5_r3,codex_gpt_5_5,3,codex,,90,90,13,13,0,False,,,,,
CompBio,odd-one-out-q1,galaxy_codex_gpt_5_6_luna_r1,codex_gpt_5_6_luna,1,codex,,12,12,0,0,0,False,,,,,
CompBio,odd-one-out-q1,galaxy_codex_gpt_5_6_luna_r2,codex_gpt_5_6_luna,2,codex,,119,119,11,11,0,False,,,,,
CompBio,odd-one-out-q1,galaxy_codex_gpt_5_6_luna_r3,codex_gpt_5_6_luna,3,codex,,24,24,0,0,0,False,,,,,
CompBio,odd-one-out-q1,galaxy_codex_gpt_5_6_sol_r1,codex_gpt_5_6_sol,1,codex,,14,14,0,0,0,False,,,,,
CompBio,odd-one-out-q1,galaxy_codex_gpt_5_6_sol_r2,codex_gpt_5_6_sol,2,codex,,28,28,2,2,0,False,,,,,
CompBio,odd-one-out-q1,galaxy_codex_gpt_5_6_sol_r3,codex_gpt_5_6_sol,3,codex,,8,8,0,0,0,False,,,,,
CompBio,orf-annot-q1,galaxy_codex_deepseek_v4_pro_0813_r1,codex_deepseek_v4_pro_0813,1,codex,,14,14,2,2,0,False,,,,,
CompBio,orf-annot-q1,galaxy_codex_deepseek_v4_pro_0813_r2,codex_deepseek_v4_pro_0813,2,codex,,20,20,2,2,0,False,,,,,
CompBio,orf-annot-q1,galaxy_codex_deepseek_v4_pro_0813_r3,codex_deepseek_v4_pro_0813,3,codex,,7,7,0,0,0,False,,,,,
CompBio,orf-annot-q1,galaxy_codex_gpt_5_5_r1,codex_gpt_5_5,1,codex,,4,4,0,0,0,False,,,,,
CompBio,orf-annot-q1,galaxy_codex_gpt_5_5_r2,codex_gpt_5_5,2,codex,,9,9,1,1,0,False,,,,,
CompBio,orf-annot-q1,galaxy_codex_gpt_5_5_r3,codex_gpt_5_5,3,codex,,9,9,0,0,0,False,,,,,
CompBio,orf-annot-q1,galaxy_codex_gpt_5_6_luna_r1,codex_gpt_5_6_luna,1,codex,,14,14,0,0,0,False,,,,,
CompBio,orf-annot-q1,galaxy_codex_gpt_5_6_luna_r2,codex_gpt_5_6_luna,2,codex,,26,26,0,0,0,False,,,,,
CompBio,orf-annot-q1,galaxy_codex_gpt_5_6_luna_r3,codex_gpt_5_6_luna,3,codex,,21,21,2,2,0,False,,,,,
CompBio,orf-annot-q1,galaxy_codex_gpt_5_6_sol_r1,codex_gpt_5_6_sol,1,codex,,20,20,0,0,0,False,,,,,
CompBio,orf-annot-q1,galaxy_codex_gpt_5_6_sol_r2,codex_gpt_5_6_sol,2,codex,,25,25,0,0,0,False,,,,,
CompBio,orf-annot-q1,galaxy_codex_gpt_5_6_sol_r3,codex_gpt_5_6_sol,3,codex,,8,8,0,0,0,False,,,,,
CompBio,overexpress-tf-q1,galaxy_codex_deepseek_v4_pro_0813_r1,codex_deepseek_v4_pro_0813,1,codex,,1,1,0,0,0,False,,,,,
CompBio,overexpress-tf-q1,galaxy_codex_deepseek_v4_pro_0813_r2,codex_deepseek_v4_pro_0813,2,codex,,119,119,10,10,0,False,,,,,
CompBio,overexpress-tf-q1,galaxy_codex_deepseek_v4_pro_0813_r3,codex_deepseek_v4_pro_0813,3,codex,,114,114,21,21,0,False,,,,,
CompBio,overexpress-tf-q1,galaxy_codex_gpt_5_5_r1,codex_gpt_5_5,1,codex,,4,4,0,0,0,False,,,,,
CompBio,overexpress-tf-q1,galaxy_codex_gpt_5_5_r2,codex_gpt_5_5,2,codex,,12,12,7,7,0,False,,,,,
CompBio,overexpress-tf-q1,galaxy_codex_gpt_5_5_r3,codex_gpt_5_5,3,codex,,66,66,10,10,0,False,,,,,
CompBio,overexpress-tf-q1,galaxy_codex_gpt_5_6_luna_r1,codex_gpt_5_6_luna,1,codex,,63,63,5,5,0,False,,,,,
CompBio,overexpress-tf-q1,galaxy_codex_gpt_5_6_luna_r2,codex_gpt_5_6_luna,2,codex,,147,147,9,9,0,False,,,,,
CompBio,overexpress-tf-q1,galaxy_codex_gpt_5_6_luna_r3,codex_gpt_5_6_luna,3,codex,,104,104,7,7,0,False,,,,,
CompBio,overexpress-tf-q1,galaxy_codex_gpt_5_6_sol_r1,codex_gpt_5_6_sol,1,codex,,55,55,5,5,0,False,,,,,
CompBio,overexpress-tf-q1,galaxy_codex_gpt_5_6_sol_r2,codex_gpt_5_6_sol,2,codex,,38,38,7,7,0,False,,,,,
CompBio,overexpress-tf-q1,galaxy_codex_gpt_5_6_sol_r3,codex_gpt_5_6_sol,3,codex,,117,117,25,25,0,False,,,,,
CompBio,pathogenic-variant-lookup-q1,galaxy_codex_deepseek_v4_pro_0813_r1,codex_deepseek_v4_pro_0813,1,codex,,1,1,0,0,0,False,,,,,
CompBio,pathogenic-variant-lookup-q1,galaxy_codex_deepseek_v4_pro_0813_r2,codex_deepseek_v4_pro_0813,2,codex,,62,62,6,6,0,False,,,,,
CompBio,pathogenic-variant-lookup-q1,galaxy_codex_deepseek_v4_pro_0813_r3,codex_deepseek_v4_pro_0813,3,codex,,29,29,6,6,0,False,,,,,
CompBio,pathogenic-variant-lookup-q1,galaxy_codex_gpt_5_5_r1,codex_gpt_5_5,1,codex,,6,6,3,3,0,False,,,,,
CompBio,pathogenic-variant-lookup-q1,galaxy_codex_gpt_5_5_r2,codex_gpt_5_5,2,codex,,35,35,8,8,0,False,,,,,
CompBio,pathogenic-variant-lookup-q1,galaxy_codex_gpt_5_5_r3,codex_gpt_5_5,3,codex,,37,37,10,10,0,False,,,,,
CompBio,pathogenic-variant-lookup-q1,galaxy_codex_gpt_5_6_luna_r1,codex_gpt_5_6_luna,1,codex,,95,95,13,13,0,False,,,,,
CompBio,pathogenic-variant-lookup-q1,galaxy_codex_gpt_5_6_luna_r2,codex_gpt_5_6_luna,2,codex,,88,88,9,9,0,False,,,,,
CompBio,pathogenic-variant-lookup-q1,galaxy_codex_gpt_5_6_luna_r3,codex_gpt_5_6_luna,3,codex,,34,34,4,4,0,False,,,,,
CompBio,pathogenic-variant-lookup-q1,galaxy_codex_gpt_5_6_sol_r1,codex_gpt_5_6_sol,1,codex,,53,53,2,2,0,False,,,,,
CompBio,pathogenic-variant-lookup-q1,galaxy_codex_gpt_5_6_sol_r2,codex_gpt_5_6_sol,2,codex,,7,7,0,0,0,False,,,,,
CompBio,pathogenic-variant-lookup-q1,galaxy_codex_gpt_5_6_sol_r3,codex_gpt_5_6_sol,3,codex,,7,7,0,0,0,False,,,,,
CompBio,perturb-seq-align-q1,galaxy_codex_deepseek_v4_pro_0813_r1,codex_deepseek_v4_pro_0813,1,codex,,40,40,9,9,0,False,,,,,
CompBio,perturb-seq-align-q1,galaxy_codex_deepseek_v4_pro_0813_r2,codex_deepseek_v4_pro_0813,2,codex,,68,68,8,8,0,False,,,,,
CompBio,perturb-seq-align-q1,galaxy_codex_deepseek_v4_pro_0813_r3,codex_deepseek_v4_pro_0813,3,codex,,54,54,8,8,0,False,,,,,
CompBio,perturb-seq-align-q1,galaxy_codex_gpt_5_5_r1,codex_gpt_5_5,1,codex,,16,16,5,5,0,False,,,,,
CompBio,perturb-seq-align-q1,galaxy_codex_gpt_5_5_r2,codex_gpt_5_5,2,codex,,35,35,8,8,0,False,,,,,
CompBio,perturb-seq-align-q1,galaxy_codex_gpt_5_5_r3,codex_gpt_5_5,3,codex,,23,23,5,5,0,False,,,,,
CompBio,perturb-seq-align-q1,galaxy_codex_gpt_5_6_luna_r1,codex_gpt_5_6_luna,1,codex,,71,71,7,7,0,False,,,,,
CompBio,perturb-seq-align-q1,galaxy_codex_gpt_5_6_luna_r2,codex_gpt_5_6_luna,2,codex,,90,90,14,14,0,False,,,,,
CompBio,perturb-seq-align-q1,galaxy_codex_gpt_5_6_sol_r1,codex_gpt_5_6_sol,1,codex,,15,15,0,0,0,False,,,,,
CompBio,perturb-seq-align-q1,galaxy_codex_gpt_5_6_sol_r2,codex_gpt_5_6_sol,2,codex,,39,39,2,2,0,False,,,,,
CompBio,perturb-seq-align-q1,galaxy_codex_gpt_5_6_sol_r3,codex_gpt_5_6_sol,3,codex,,20,20,1,1,0,False,,,,,
CompBio,perturb-seq-effect-q1,galaxy_codex_deepseek_v4_pro_0813_r1,codex_deepseek_v4_pro_0813,1,codex,,80,80,5,5,0,False,,,,,
CompBio,perturb-seq-effect-q1,galaxy_codex_deepseek_v4_pro_0813_r2,codex_deepseek_v4_pro_0813,2,codex,,135,135,11,11,0,False,,,,,
CompBio,perturb-seq-effect-q1,galaxy_codex_deepseek_v4_pro_0813_r3,codex_deepseek_v4_pro_0813,3,codex,,99,99,11,11,0,True,,,,,3.0
CompBio,perturb-seq-effect-q1,galaxy_codex_gpt_5_5_r1,codex_gpt_5_5,1,codex,,5,5,0,0,0,False,,,,,
CompBio,perturb-seq-effect-q1,galaxy_codex_gpt_5_5_r2,codex_gpt_5_5,2,codex,,5,5,0,0,0,False,,,,,
CompBio,perturb-seq-effect-q1,galaxy_codex_gpt_5_5_r3,codex_gpt_5_5,3,codex,,28,28,6,6,0,False,,,,,
CompBio,perturb-seq-effect-q1,galaxy_codex_gpt_5_6_luna_r1,codex_gpt_5_6_luna,1,codex,,25,25,3,3,0,False,,,,,
CompBio,perturb-seq-effect-q1,galaxy_codex_gpt_5_6_luna_r2,codex_gpt_5_6_luna,2,codex,,13,13,1,1,0,False,,,,,
CompBio,perturb-seq-effect-q1,galaxy_codex_gpt_5_6_luna_r3,codex_gpt_5_6_luna,3,codex,,8,8,0,0,0,False,,,,,
CompBio,perturb-seq-effect-q1,galaxy_codex_gpt_5_6_sol_r1,codex_gpt_5_6_sol,1,codex,,100,100,5,5,0,False,,,,,
CompBio,perturb-seq-effect-q1,galaxy_codex_gpt_5_6_sol_r2,codex_gpt_5_6_sol,2,codex,,6,6,0,0,0,False,,,,,
CompBio,perturb-seq-effect-q1,galaxy_codex_gpt_5_6_sol_r3,codex_gpt_5_6_sol,3,codex,,7,7,0,0,0,False,,,,,
CompBio,phase-chain-q1,galaxy_codex_deepseek_v4_pro_0813_r1,codex_deepseek_v4_pro_0813,1,codex,,81,81,3,3,0,False,,,,,
CompBio,phase-chain-q1,galaxy_codex_deepseek_v4_pro_0813_r2,codex_deepseek_v4_pro_0813,2,codex,,31,31,1,1,0,False,,,,,
CompBio,phase-chain-q1,galaxy_codex_deepseek_v4_pro_0813_r3,codex_deepseek_v4_pro_0813,3,codex,,68,68,7,7,0,False,,,,,
CompBio,phase-chain-q1,galaxy_codex_gpt_5_5_r1,codex_gpt_5_5,1,codex,,10,10,0,0,0,False,,,,,
CompBio,phase-chain-q1,galaxy_codex_gpt_5_5_r2,codex_gpt_5_5,2,codex,,15,15,2,2,0,False,,,,,
CompBio,phase-chain-q1,galaxy_codex_gpt_5_5_r3,codex_gpt_5_5,3,codex,,24,24,4,4,0,False,,,,,
CompBio,phase-chain-q1,galaxy_codex_gpt_5_6_luna_r1,codex_gpt_5_6_luna,1,codex,,58,58,3,3,0,False,,,,,
CompBio,phase-chain-q1,galaxy_codex_gpt_5_6_luna_r3,codex_gpt_5_6_luna,3,codex,,70,70,1,1,0,False,,,,,
CompBio,phase-chain-q1,galaxy_codex_gpt_5_6_sol_r1,codex_gpt_5_6_sol,1,codex,,35,35,1,1,0,False,,,,,
CompBio,phase-chain-q1,galaxy_codex_gpt_5_6_sol_r2,codex_gpt_5_6_sol,2,codex,,20,20,0,0,0,False,,,,,
CompBio,phase-chain-q1,galaxy_codex_gpt_5_6_sol_r3,codex_gpt_5_6_sol,3,codex,,16,16,0,0,0,False,,,,,
CompBio,pooled-infer-donors-q1,galaxy_codex_deepseek_v4_pro_0813_r1,codex_deepseek_v4_pro_0813,1,codex,,2,2,0,0,0,False,,,,,
CompBio,pooled-infer-donors-q1,galaxy_codex_deepseek_v4_pro_0813_r2,codex_deepseek_v4_pro_0813,2,codex,,38,38,4,4,0,False,,,,,
CompBio,pooled-infer-donors-q1,galaxy_codex_deepseek_v4_pro_0813_r3,codex_deepseek_v4_pro_0813,3,codex,,54,54,4,4,0,False,,,,,
CompBio,pooled-infer-donors-q1,galaxy_codex_gpt_5_5_r1,codex_gpt_5_5,1,codex,,5,5,2,2,0,False,,,,,
CompBio,pooled-infer-donors-q1,galaxy_codex_gpt_5_5_r2,codex_gpt_5_5,2,codex,,13,13,2,2,0,False,,,,,
CompBio,pooled-infer-donors-q1,galaxy_codex_gpt_5_5_r3,codex_gpt_5_5,3,codex,,22,22,8,8,0,True,,,,,3.0
CompBio,pooled-infer-donors-q1,galaxy_codex_gpt_5_6_luna_r1,codex_gpt_5_6_luna,1,codex,,24,24,10,10,0,False,,,,,
CompBio,pooled-infer-donors-q1,galaxy_codex_gpt_5_6_luna_r2,codex_gpt_5_6_luna,2,codex,,65,65,23,23,0,True,,,,,9.0
CompBio,pooled-infer-donors-q1,galaxy_codex_gpt_5_6_luna_r3,codex_gpt_5_6_luna,3,codex,,99,99,29,29,0,True,,,,,4.0
CompBio,pooled-infer-donors-q1,galaxy_codex_gpt_5_6_sol_r1,codex_gpt_5_6_sol,1,codex,,27,27,1,1,0,False,,,,,
CompBio,pooled-infer-donors-q1,galaxy_codex_gpt_5_6_sol_r2,codex_gpt_5_6_sol,2,codex,,9,9,0,0,0,False,,,,,
CompBio,pooled-infer-donors-q1,galaxy_codex_gpt_5_6_sol_r3,codex_gpt_5_6_sol,3,codex,,36,36,3,3,0,True,,,,,2.0
CompBio,promoter-sequence-retrieval-q1,galaxy_codex_deepseek_v4_pro_0813_r1,codex_deepseek_v4_pro_0813,1,codex,,43,43,6,6,0,False,,,,,
CompBio,promoter-sequence-retrieval-q1,galaxy_codex_deepseek_v4_pro_0813_r2,codex_deepseek_v4_pro_0813,2,codex,,66,66,4,4,0,False,,,,,
CompBio,promoter-sequence-retrieval-q1,galaxy_codex_deepseek_v4_pro_0813_r3,codex_deepseek_v4_pro_0813,3,codex,,52,52,4,4,0,False,,,,,
CompBio,promoter-sequence-retrieval-q1,galaxy_codex_gpt_5_5_r1,codex_gpt_5_5,1,codex,,6,6,3,3,0,False,,,,,
CompBio,promoter-sequence-retrieval-q1,galaxy_codex_gpt_5_5_r2,codex_gpt_5_5,2,codex,,6,6,3,3,0,False,,,,,
CompBio,promoter-sequence-retrieval-q1,galaxy_codex_gpt_5_5_r3,codex_gpt_5_5,3,codex,,56,56,4,4,0,False,,,,,
CompBio,promoter-sequence-retrieval-q1,galaxy_codex_gpt_5_6_luna_r1,codex_gpt_5_6_luna,1,codex,,59,59,4,4,0,False,,,,,
CompBio,promoter-sequence-retrieval-q1,galaxy_codex_gpt_5_6_luna_r2,codex_gpt_5_6_luna,2,codex,,24,24,0,0,0,False,,,,,
CompBio,promoter-sequence-retrieval-q1,galaxy_codex_gpt_5_6_luna_r3,codex_gpt_5_6_luna,3,codex,,50,50,4,4,0,False,,,,,
CompBio,promoter-sequence-retrieval-q1,galaxy_codex_gpt_5_6_sol_r1,codex_gpt_5_6_sol,1,codex,,15,15,0,0,0,False,,,,,
CompBio,promoter-sequence-retrieval-q1,galaxy_codex_gpt_5_6_sol_r2,codex_gpt_5_6_sol,2,codex,,14,14,0,0,0,False,,,,,
CompBio,promoter-sequence-retrieval-q1,galaxy_codex_gpt_5_6_sol_r3,codex_gpt_5_6_sol,3,codex,,6,6,0,0,0,False,,,,,
CompBio,protein-shape-q1,galaxy_codex_deepseek_v4_pro_0813_r1,codex_deepseek_v4_pro_0813,1,codex,,10,10,0,0,0,False,,,,,
CompBio,protein-shape-q1,galaxy_codex_deepseek_v4_pro_0813_r2,codex_deepseek_v4_pro_0813,2,codex,,10,10,0,0,0,False,,,,,
CompBio,protein-shape-q1,galaxy_codex_deepseek_v4_pro_0813_r3,codex_deepseek_v4_pro_0813,3,codex,,14,14,2,2,0,False,,,,,
CompBio,protein-shape-q1,galaxy_codex_gpt_5_5_r1,codex_gpt_5_5,1,codex,,2,2,0,0,0,False,,,,,
CompBio,protein-shape-q1,galaxy_codex_gpt_5_5_r2,codex_gpt_5_5,2,codex,,5,5,0,0,0,False,,,,,
CompBio,protein-shape-q1,galaxy_codex_gpt_5_5_r3,codex_gpt_5_5,3,codex,,25,25,6,6,0,False,,,,,
CompBio,protein-shape-q1,galaxy_codex_gpt_5_6_luna_r1,codex_gpt_5_6_luna,1,codex,,247,247,13,13,0,False,,,,,
CompBio,protein-shape-q1,galaxy_codex_gpt_5_6_luna_r2,codex_gpt_5_6_luna,2,codex,,150,150,17,17,0,False,,,,,
CompBio,protein-shape-q1,galaxy_codex_gpt_5_6_luna_r3,codex_gpt_5_6_luna,3,codex,,18,18,2,2,0,False,,,,,
CompBio,protein-shape-q1,galaxy_codex_gpt_5_6_sol_r1,codex_gpt_5_6_sol,1,codex,,9,9,0,0,0,False,,,,,
CompBio,protein-shape-q1,galaxy_codex_gpt_5_6_sol_r2,codex_gpt_5_6_sol,2,codex,,34,34,6,6,0,False,,,,,
CompBio,protein-shape-q1,galaxy_codex_gpt_5_6_sol_r3,codex_gpt_5_6_sol,3,codex,,55,55,7,7,0,True,,,,,2.0
CompBio,read-paper-download-file-parse-q1,galaxy_codex_deepseek_v4_pro_0813_r1,codex_deepseek_v4_pro_0813,1,codex,,1,1,0,0,0,False,,,,,
CompBio,read-paper-download-file-parse-q1,galaxy_codex_deepseek_v4_pro_0813_r2,codex_deepseek_v4_pro_0813,2,codex,,20,20,4,4,0,False,,,,,
CompBio,read-paper-download-file-parse-q1,galaxy_codex_deepseek_v4_pro_0813_r3,codex_deepseek_v4_pro_0813,3,codex,,25,25,1,1,0,False,,,,,
CompBio,read-paper-download-file-parse-q1,galaxy_codex_gpt_5_5_r1,codex_gpt_5_5,1,codex,,3,3,0,0,0,False,,,,,
CompBio,read-paper-download-file-parse-q1,galaxy_codex_gpt_5_5_r2,codex_gpt_5_5,2,codex,,1,1,0,0,0,False,,,,,
CompBio,read-paper-download-file-parse-q1,galaxy_codex_gpt_5_5_r3,codex_gpt_5_5,3,codex,,11,11,0,0,0,False,,,,,
CompBio,read-paper-download-file-parse-q1,galaxy_codex_gpt_5_6_luna_r1,codex_gpt_5_6_luna,1,codex,,20,20,0,0,0,False,,,,,
CompBio,read-paper-download-file-parse-q1,galaxy_codex_gpt_5_6_luna_r2,codex_gpt_5_6_luna,2,codex,,16,16,1,1,0,False,,,,,
CompBio,read-paper-download-file-parse-q1,galaxy_codex_gpt_5_6_luna_r3,codex_gpt_5_6_luna,3,codex,,33,33,0,0,0,False,,,,,
CompBio,read-paper-download-file-parse-q1,galaxy_codex_gpt_5_6_sol_r1,codex_gpt_5_6_sol,1,codex,,17,17,0,0,0,False,,,,,
CompBio,read-paper-download-file-parse-q1,galaxy_codex_gpt_5_6_sol_r2,codex_gpt_5_6_sol,2,codex,,7,7,0,0,0,False,,,,,
CompBio,read-paper-download-file-parse-q1,galaxy_codex_gpt_5_6_sol_r3,codex_gpt_5_6_sol,3,codex,,11,11,0,0,0,False,,,,,
CompBio,read-proportions-q1,galaxy_codex_deepseek_v4_pro_0813_r1,codex_deepseek_v4_pro_0813,1,codex,,14,14,2,2,0,False,,,,,
CompBio,read-proportions-q1,galaxy_codex_deepseek_v4_pro_0813_r2,codex_deepseek_v4_pro_0813,2,codex,,47,47,10,10,0,True,,,,,5.0
CompBio,read-proportions-q1,galaxy_codex_deepseek_v4_pro_0813_r3,codex_deepseek_v4_pro_0813,3,codex,,54,54,0,0,0,False,,,,,
CompBio,read-proportions-q1,galaxy_codex_gpt_5_5_r1,codex_gpt_5_5,1,codex,,5,5,1,1,0,False,,,,,
CompBio,read-proportions-q1,galaxy_codex_gpt_5_5_r2,codex_gpt_5_5,2,codex,,10,10,1,1,0,False,,,,,
CompBio,read-proportions-q1,galaxy_codex_gpt_5_5_r3,codex_gpt_5_5,3,codex,,32,32,4,4,0,False,,,,,
CompBio,read-proportions-q1,galaxy_codex_gpt_5_6_luna_r1,codex_gpt_5_6_luna,1,codex,,104,104,14,14,0,False,,,,,
CompBio,read-proportions-q1,galaxy_codex_gpt_5_6_luna_r2,codex_gpt_5_6_luna,2,codex,,67,67,7,7,0,False,,,,,
CompBio,read-proportions-q1,galaxy_codex_gpt_5_6_luna_r3,codex_gpt_5_6_luna,3,codex,,46,46,0,0,0,False,,,,,
CompBio,read-proportions-q1,galaxy_codex_gpt_5_6_sol_r1,codex_gpt_5_6_sol,1,codex,,38,38,0,0,0,False,,,,,
CompBio,read-proportions-q1,galaxy_codex_gpt_5_6_sol_r2,codex_gpt_5_6_sol,2,codex,,16,16,0,0,0,False,,,,,
CompBio,read-proportions-q1,galaxy_codex_gpt_5_6_sol_r3,codex_gpt_5_6_sol,3,codex,,19,19,0,0,0,False,,,,,
CompBio,retina-score-snps-q1,galaxy_codex_deepseek_v4_pro_0813_r1,codex_deepseek_v4_pro_0813,1,codex,,1,1,0,0,0,False,,,,,
CompBio,retina-score-snps-q1,galaxy_codex_deepseek_v4_pro_0813_r2,codex_deepseek_v4_pro_0813,2,codex,,63,63,9,9,0,False,,,,,
CompBio,retina-score-snps-q1,galaxy_codex_deepseek_v4_pro_0813_r3,codex_deepseek_v4_pro_0813,3,codex,,102,102,22,22,0,True,,,,,9.0
CompBio,retina-score-snps-q1,galaxy_codex_gpt_5_5_r1,codex_gpt_5_5,1,codex,,7,7,0,0,0,False,,,,,
CompBio,retina-score-snps-q1,galaxy_codex_gpt_5_5_r2,codex_gpt_5_5,2,codex,,9,9,1,1,0,False,,,,,
CompBio,retina-score-snps-q1,galaxy_codex_gpt_5_5_r3,codex_gpt_5_5,3,codex,,15,15,7,7,0,False,,,,,
CompBio,retina-score-snps-q1,galaxy_codex_gpt_5_6_luna_r1,codex_gpt_5_6_luna,1,codex,,159,159,17,17,0,False,,,,,
CompBio,retina-score-snps-q1,galaxy_codex_gpt_5_6_luna_r2,codex_gpt_5_6_luna,2,codex,,44,44,7,7,0,False,,,,,
CompBio,retina-score-snps-q1,galaxy_codex_gpt_5_6_luna_r3,codex_gpt_5_6_luna,3,codex,,389,389,37,37,0,True,,,,,7.0
CompBio,retina-score-snps-q1,galaxy_codex_gpt_5_6_sol_r1,codex_gpt_5_6_sol,1,codex,,26,26,9,9,0,False,,,,,
CompBio,retina-score-snps-q1,galaxy_codex_gpt_5_6_sol_r2,codex_gpt_5_6_sol,2,codex,,25,25,4,4,0,False,,,,,
CompBio,retina-score-snps-q1,galaxy_codex_gpt_5_6_sol_r3,codex_gpt_5_6_sol,3,codex,,20,20,2,2,0,False,,,,,
CompBio,reverse-encode-q1,galaxy_codex_deepseek_v4_pro_0813_r1,codex_deepseek_v4_pro_0813,1,codex,,16,16,0,0,0,False,,,,,
CompBio,reverse-encode-q1,galaxy_codex_deepseek_v4_pro_0813_r2,codex_deepseek_v4_pro_0813,2,codex,,31,31,4,4,0,False,,,,,
CompBio,reverse-encode-q1,galaxy_codex_deepseek_v4_pro_0813_r3,codex_deepseek_v4_pro_0813,3,codex,,99,99,10,10,0,True,,,,,2.0
CompBio,reverse-encode-q1,galaxy_codex_gpt_5_5_r1,codex_gpt_5_5,1,codex,,8,8,0,0,0,False,,,,,
CompBio,reverse-encode-q1,galaxy_codex_gpt_5_5_r2,codex_gpt_5_5,2,codex,,9,9,5,5,0,False,,,,,
CompBio,reverse-encode-q1,galaxy_codex_gpt_5_5_r3,codex_gpt_5_5,3,codex,,23,23,5,5,0,True,,,,,1.0
CompBio,reverse-encode-q1,galaxy_codex_gpt_5_6_luna_r1,codex_gpt_5_6_luna,1,codex,,343,343,26,26,0,False,,,,,
CompBio,reverse-encode-q1,galaxy_codex_gpt_5_6_luna_r2,codex_gpt_5_6_luna,2,codex,,56,56,6,6,0,False,,,,,
CompBio,reverse-encode-q1,galaxy_codex_gpt_5_6_luna_r3,codex_gpt_5_6_luna,3,codex,,67,67,6,6,0,False,,,,,
CompBio,reverse-encode-q1,galaxy_codex_gpt_5_6_sol_r1,codex_gpt_5_6_sol,1,codex,,61,61,4,4,0,False,,,,,
CompBio,reverse-encode-q1,galaxy_codex_gpt_5_6_sol_r2,codex_gpt_5_6_sol,2,codex,,22,22,5,5,0,False,,,,,
CompBio,reverse-encode-q1,galaxy_codex_gpt_5_6_sol_r3,codex_gpt_5_6_sol,3,codex,,27,27,3,3,0,False,,,,,
CompBio,reverse-search-gwas-q1,galaxy_codex_deepseek_v4_pro_0813_r1,codex_deepseek_v4_pro_0813,1,codex,,307,307,20,20,0,True,,,,,1.0
CompBio,reverse-search-gwas-q1,galaxy_codex_deepseek_v4_pro_0813_r2,codex_deepseek_v4_pro_0813,2,codex,,89,89,8,8,0,False,,,,,
CompBio,reverse-search-gwas-q1,galaxy_codex_deepseek_v4_pro_0813_r3,codex_deepseek_v4_pro_0813,3,codex,,67,67,11,11,0,False,,,,,
CompBio,reverse-search-gwas-q1,galaxy_codex_gpt_5_5_r1,codex_gpt_5_5,1,codex,,16,16,0,0,0,False,,,,,
CompBio,reverse-search-gwas-q1,galaxy_codex_gpt_5_5_r2,codex_gpt_5_5,2,codex,,15,15,2,2,0,False,,,,,
CompBio,reverse-search-gwas-q1,galaxy_codex_gpt_5_5_r3,codex_gpt_5_5,3,codex,,34,34,2,2,0,True,,,,,2.0
CompBio,reverse-search-gwas-q1,galaxy_codex_gpt_5_6_luna_r1,codex_gpt_5_6_luna,1,codex,,392,392,3,3,0,False,,,,,
CompBio,reverse-search-gwas-q1,galaxy_codex_gpt_5_6_luna_r2,codex_gpt_5_6_luna,2,codex,,109,109,7,7,0,False,,,,,
CompBio,reverse-search-gwas-q1,galaxy_codex_gpt_5_6_luna_r3,codex_gpt_5_6_luna,3,codex,,589,589,56,56,0,True,,,,,2.0
CompBio,reverse-search-gwas-q1,galaxy_codex_gpt_5_6_sol_r1,codex_gpt_5_6_sol,1,codex,,13,13,0,0,0,False,,,,,
CompBio,reverse-search-gwas-q1,galaxy_codex_gpt_5_6_sol_r2,codex_gpt_5_6_sol,2,codex,,23,23,4,4,0,False,,,,,
CompBio,reverse-search-gwas-q1,galaxy_codex_gpt_5_6_sol_r3,codex_gpt_5_6_sol,3,codex,,16,16,0,0,0,False,,,,,
CompBio,reverse-search-gwas-q2,galaxy_codex_deepseek_v4_pro_0813_r1,codex_deepseek_v4_pro_0813,1,codex,,16,16,2,2,0,False,,,,,
CompBio,reverse-search-gwas-q2,galaxy_codex_deepseek_v4_pro_0813_r2,codex_deepseek_v4_pro_0813,2,codex,,42,42,1,1,0,False,,,,,
CompBio,reverse-search-gwas-q2,galaxy_codex_deepseek_v4_pro_0813_r3,codex_deepseek_v4_pro_0813,3,codex,,60,60,4,4,0,False,,,,,
CompBio,reverse-search-gwas-q2,galaxy_codex_gpt_5_5_r1,codex_gpt_5_5,1,codex,,15,15,0,0,0,False,,,,,
CompBio,reverse-search-gwas-q2,galaxy_codex_gpt_5_5_r2,codex_gpt_5_5,2,codex,,8,8,0,0,0,False,,,,,
CompBio,reverse-search-gwas-q2,galaxy_codex_gpt_5_5_r3,codex_gpt_5_5,3,codex,,13,13,4,4,0,False,,,,,
CompBio,reverse-search-gwas-q2,galaxy_codex_gpt_5_6_luna_r1,codex_gpt_5_6_luna,1,codex,,109,109,2,2,0,False,,,,,
CompBio,reverse-search-gwas-q2,galaxy_codex_gpt_5_6_luna_r2,codex_gpt_5_6_luna,2,codex,,112,112,12,12,0,False,,,,,
CompBio,reverse-search-gwas-q2,galaxy_codex_gpt_5_6_luna_r3,codex_gpt_5_6_luna,3,codex,,148,148,10,10,0,False,,,,,
CompBio,reverse-search-gwas-q2,galaxy_codex_gpt_5_6_sol_r1,codex_gpt_5_6_sol,1,codex,,58,58,11,11,0,False,,,,,
CompBio,reverse-search-gwas-q2,galaxy_codex_gpt_5_6_sol_r2,codex_gpt_5_6_sol,2,codex,,12,12,1,1,0,False,,,,,
CompBio,reverse-search-gwas-q2,galaxy_codex_gpt_5_6_sol_r3,codex_gpt_5_6_sol,3,codex,,74,74,3,3,0,False,,,,,
CompBio,saluki-setup-optimize-q1,galaxy_codex_deepseek_v4_pro_0813_r1,codex_deepseek_v4_pro_0813,1,codex,,1,1,0,0,0,False,,,,,
CompBio,saluki-setup-optimize-q1,galaxy_codex_deepseek_v4_pro_0813_r2,codex_deepseek_v4_pro_0813,2,codex,,36,36,12,12,0,False,,,,,
CompBio,saluki-setup-optimize-q1,galaxy_codex_deepseek_v4_pro_0813_r3,codex_deepseek_v4_pro_0813,3,codex,,31,31,12,12,0,False,,,,,
CompBio,saluki-setup-optimize-q1,galaxy_codex_gpt_5_5_r1,codex_gpt_5_5,1,codex,,2,2,0,0,0,False,,,,,
CompBio,saluki-setup-optimize-q1,galaxy_codex_gpt_5_5_r2,codex_gpt_5_5,2,codex,,2,2,0,0,0,False,,,,,
CompBio,saluki-setup-optimize-q1,galaxy_codex_gpt_5_5_r3,codex_gpt_5_5,3,codex,,18,18,10,10,0,True,,,,,1.0
CompBio,saluki-setup-optimize-q1,galaxy_codex_gpt_5_6_luna_r1,codex_gpt_5_6_luna,1,codex,,28,28,5,5,0,True,,,,,5.0
CompBio,saluki-setup-optimize-q1,galaxy_codex_gpt_5_6_luna_r2,codex_gpt_5_6_luna,2,codex,,41,41,26,26,0,True,,,,,20.0
CompBio,saluki-setup-optimize-q1,galaxy_codex_gpt_5_6_luna_r3,codex_gpt_5_6_luna,3,codex,,73,73,21,21,0,True,,,,,9.0
CompBio,saluki-setup-optimize-q1,galaxy_codex_gpt_5_6_sol_r1,codex_gpt_5_6_sol,1,codex,,8,8,0,0,0,False,,,,,
CompBio,saluki-setup-optimize-q1,galaxy_codex_gpt_5_6_sol_r2,codex_gpt_5_6_sol,2,codex,,10,10,2,2,0,False,,,,,
CompBio,saluki-setup-optimize-q1,galaxy_codex_gpt_5_6_sol_r3,codex_gpt_5_6_sol,3,codex,,8,8,1,1,0,False,,,,,
CompBio,sample-swap-atac-q1,galaxy_codex_deepseek_v4_pro_0813_r1,codex_deepseek_v4_pro_0813,1,codex,,11,11,2,2,0,False,,,,,
CompBio,sample-swap-atac-q1,galaxy_codex_deepseek_v4_pro_0813_r2,codex_deepseek_v4_pro_0813,2,codex,,12,12,2,2,0,False,,,,,
CompBio,sample-swap-atac-q1,galaxy_codex_deepseek_v4_pro_0813_r3,codex_deepseek_v4_pro_0813,3,codex,,89,89,8,8,0,False,,,,,
CompBio,sample-swap-atac-q1,galaxy_codex_gpt_5_5_r1,codex_gpt_5_5,1,codex,,9,9,0,0,0,False,,,,,
CompBio,sample-swap-atac-q1,galaxy_codex_gpt_5_5_r2,codex_gpt_5_5,2,codex,,10,10,1,1,0,False,,,,,
CompBio,sample-swap-atac-q1,galaxy_codex_gpt_5_5_r3,codex_gpt_5_5,3,codex,,34,34,4,4,0,True,,,,,1.0
CompBio,sample-swap-atac-q1,galaxy_codex_gpt_5_6_luna_r1,codex_gpt_5_6_luna,1,codex,,21,21,1,1,0,False,,,,,
CompBio,sample-swap-atac-q1,galaxy_codex_gpt_5_6_luna_r2,codex_gpt_5_6_luna,2,codex,,29,29,6,6,0,False,,,,,
CompBio,sample-swap-atac-q1,galaxy_codex_gpt_5_6_luna_r3,codex_gpt_5_6_luna,3,codex,,23,23,5,5,0,False,,,,,
CompBio,sample-swap-atac-q1,galaxy_codex_gpt_5_6_sol_r1,codex_gpt_5_6_sol,1,codex,,21,21,6,6,0,False,,,,,
CompBio,sample-swap-atac-q1,galaxy_codex_gpt_5_6_sol_r2,codex_gpt_5_6_sol,2,codex,,12,12,1,1,0,False,,,,,
CompBio,sample-swap-atac-q1,galaxy_codex_gpt_5_6_sol_r3,codex_gpt_5_6_sol,3,codex,,13,13,0,0,0,False,,,,,
CompBio,sample-swap-atac-q2,galaxy_codex_deepseek_v4_pro_0813_r1,codex_deepseek_v4_pro_0813,1,codex,,132,132,12,12,0,False,,,,,
CompBio,sample-swap-atac-q2,galaxy_codex_deepseek_v4_pro_0813_r2,codex_deepseek_v4_pro_0813,2,codex,,21,21,2,2,0,False,,,,,
CompBio,sample-swap-atac-q2,galaxy_codex_deepseek_v4_pro_0813_r3,codex_deepseek_v4_pro_0813,3,codex,,6,6,0,0,0,False,,,,,
CompBio,sample-swap-atac-q2,galaxy_codex_gpt_5_5_r1,codex_gpt_5_5,1,codex,,5,5,1,1,0,False,,,,,
CompBio,sample-swap-atac-q2,galaxy_codex_gpt_5_5_r2,codex_gpt_5_5,2,codex,,5,5,0,0,0,False,,,,,
CompBio,sample-swap-atac-q2,galaxy_codex_gpt_5_6_luna_r1,codex_gpt_5_6_luna,1,codex,,115,115,15,15,0,False,,,,,
CompBio,sample-swap-atac-q2,galaxy_codex_gpt_5_6_luna_r2,codex_gpt_5_6_luna,2,codex,,10,10,1,1,0,False,,,,,
CompBio,sample-swap-atac-q2,galaxy_codex_gpt_5_6_luna_r3,codex_gpt_5_6_luna,3,codex,,17,17,3,3,0,False,,,,,
CompBio,sample-swap-atac-q2,galaxy_codex_gpt_5_6_sol_r1,codex_gpt_5_6_sol,1,codex,,22,22,5,5,0,False,,,,,
CompBio,sample-swap-atac-q2,galaxy_codex_gpt_5_6_sol_r2,codex_gpt_5_6_sol,2,codex,,5,5,0,0,0,False,,,,,
CompBio,sample-swap-atac-q2,galaxy_codex_gpt_5_6_sol_r3,codex_gpt_5_6_sol,3,codex,,6,6,0,0,0,False,,,,,
CompBio,sample-swap-rna-q1,galaxy_codex_deepseek_v4_pro_0813_r1,codex_deepseek_v4_pro_0813,1,codex,,1,1,0,0,0,False,,,,,
CompBio,sample-swap-rna-q1,galaxy_codex_deepseek_v4_pro_0813_r2,codex_deepseek_v4_pro_0813,2,codex,,19,19,4,4,0,False,,,,,
CompBio,sample-swap-rna-q1,galaxy_codex_deepseek_v4_pro_0813_r3,codex_deepseek_v4_pro_0813,3,codex,,197,197,24,24,0,True,,,,,2.0
CompBio,sample-swap-rna-q1,galaxy_codex_gpt_5_5_r1,codex_gpt_5_5,1,codex,,10,10,0,0,0,False,,,,,
CompBio,sample-swap-rna-q1,galaxy_codex_gpt_5_5_r2,codex_gpt_5_5,2,codex,,5,5,0,0,0,False,,,,,
CompBio,sample-swap-rna-q1,galaxy_codex_gpt_5_5_r3,codex_gpt_5_5,3,codex,,21,21,6,6,0,False,,,,,
CompBio,sample-swap-rna-q1,galaxy_codex_gpt_5_6_luna_r1,codex_gpt_5_6_luna,1,codex,,326,326,33,33,0,False,,,,,
CompBio,sample-swap-rna-q1,galaxy_codex_gpt_5_6_luna_r2,codex_gpt_5_6_luna,2,codex,,292,292,33,33,0,False,,,,,
CompBio,sample-swap-rna-q1,galaxy_codex_gpt_5_6_luna_r3,codex_gpt_5_6_luna,3,codex,,400,400,28,28,0,True,,,,,3.0
CompBio,sample-swap-rna-q1,galaxy_codex_gpt_5_6_sol_r1,codex_gpt_5_6_sol,1,codex,,22,22,0,0,0,False,,,,,
CompBio,sample-swap-rna-q1,galaxy_codex_gpt_5_6_sol_r2,codex_gpt_5_6_sol,2,codex,,12,12,2,2,0,False,,,,,
CompBio,sample-swap-rna-q1,galaxy_codex_gpt_5_6_sol_r3,codex_gpt_5_6_sol,3,codex,,11,11,1,1,0,False,,,,,
CompBio,sample-swap-rna-q2,galaxy_codex_deepseek_v4_pro_0813_r1,codex_deepseek_v4_pro_0813,1,codex,,23,23,3,3,0,False,,,,,
CompBio,sample-swap-rna-q2,galaxy_codex_deepseek_v4_pro_0813_r2,codex_deepseek_v4_pro_0813,2,codex,,9,9,0,0,0,False,,,,,
CompBio,sample-swap-rna-q2,galaxy_codex_deepseek_v4_pro_0813_r3,codex_deepseek_v4_pro_0813,3,codex,,56,56,8,8,0,True,,,,,2.0
CompBio,sample-swap-rna-q2,galaxy_codex_gpt_5_5_r1,codex_gpt_5_5,1,codex,,4,4,0,0,0,False,,,,,
CompBio,sample-swap-rna-q2,galaxy_codex_gpt_5_5_r2,codex_gpt_5_5,2,codex,,8,8,1,1,0,False,,,,,
CompBio,sample-swap-rna-q2,galaxy_codex_gpt_5_5_r3,codex_gpt_5_5,3,codex,,36,36,5,5,0,False,,,,,
CompBio,sample-swap-rna-q2,galaxy_codex_gpt_5_6_luna_r1,codex_gpt_5_6_luna,1,codex,,99,99,19,19,0,False,,,,,
CompBio,sample-swap-rna-q2,galaxy_codex_gpt_5_6_luna_r2,codex_gpt_5_6_luna,2,codex,,55,55,2,2,0,False,,,,,
CompBio,sample-swap-rna-q2,galaxy_codex_gpt_5_6_luna_r3,codex_gpt_5_6_luna,3,codex,,143,143,11,11,0,True,,,,,2.0
CompBio,sample-swap-rna-q2,galaxy_codex_gpt_5_6_sol_r1,codex_gpt_5_6_sol,1,codex,,37,37,6,6,0,False,,,,,
CompBio,sample-swap-rna-q2,galaxy_codex_gpt_5_6_sol_r2,codex_gpt_5_6_sol,2,codex,,19,19,3,3,0,False,,,,,
CompBio,sample-swap-rna-q2,galaxy_codex_gpt_5_6_sol_r3,codex_gpt_5_6_sol,3,codex,,19,19,1,1,0,False,,,,,
CompBio,spatial-sim-q1,galaxy_codex_deepseek_v4_pro_0813_r1,codex_deepseek_v4_pro_0813,1,codex,,69,69,10,10,0,False,,,,,
CompBio,spatial-sim-q1,galaxy_codex_deepseek_v4_pro_0813_r2,codex_deepseek_v4_pro_0813,2,codex,,68,68,6,6,0,False,,,,,
CompBio,spatial-sim-q1,galaxy_codex_deepseek_v4_pro_0813_r3,codex_deepseek_v4_pro_0813,3,codex,,75,75,9,9,0,False,,,,,
CompBio,spatial-sim-q1,galaxy_codex_gpt_5_5_r1,codex_gpt_5_5,1,codex,,6,6,1,1,0,False,,,,,
CompBio,spatial-sim-q1,galaxy_codex_gpt_5_5_r2,codex_gpt_5_5,2,codex,,12,12,3,3,0,False,,,,,
CompBio,spatial-sim-q1,galaxy_codex_gpt_5_5_r3,codex_gpt_5_5,3,codex,,45,45,5,5,0,False,,,,,
CompBio,spatial-sim-q1,galaxy_codex_gpt_5_6_luna_r1,codex_gpt_5_6_luna,1,codex,,126,126,11,11,0,True,,,,,1.0
CompBio,spatial-sim-q1,galaxy_codex_gpt_5_6_luna_r2,codex_gpt_5_6_luna,2,codex,,8,8,1,1,0,False,,,,,
CompBio,spatial-sim-q1,galaxy_codex_gpt_5_6_luna_r3,codex_gpt_5_6_luna,3,codex,,7,7,2,2,0,False,,,,,
CompBio,spatial-sim-q1,galaxy_codex_gpt_5_6_sol_r1,codex_gpt_5_6_sol,1,codex,,7,7,1,1,0,False,,,,,
CompBio,spatial-sim-q1,galaxy_codex_gpt_5_6_sol_r2,codex_gpt_5_6_sol,2,codex,,4,4,0,0,0,False,,,,,
CompBio,spatial-sim-q1,galaxy_codex_gpt_5_6_sol_r3,codex_gpt_5_6_sol,3,codex,,4,4,0,0,0,False,,,,,
CompBio,spatial-sim-q2,galaxy_codex_deepseek_v4_pro_0813_r1,codex_deepseek_v4_pro_0813,1,codex,,28,28,3,3,0,False,,,,,
CompBio,spatial-sim-q2,galaxy_codex_deepseek_v4_pro_0813_r2,codex_deepseek_v4_pro_0813,2,codex,,17,17,0,0,0,False,,,,,
CompBio,spatial-sim-q2,galaxy_codex_deepseek_v4_pro_0813_r3,codex_deepseek_v4_pro_0813,3,codex,,128,128,18,18,0,True,,,,,4.0
CompBio,spatial-sim-q2,galaxy_codex_gpt_5_5_r1,codex_gpt_5_5,1,codex,,5,5,1,1,0,False,,,,,
CompBio,spatial-sim-q2,galaxy_codex_gpt_5_5_r2,codex_gpt_5_5,2,codex,,4,4,0,0,0,False,,,,,
CompBio,spatial-sim-q2,galaxy_codex_gpt_5_5_r3,codex_gpt_5_5,3,codex,,91,91,10,10,0,False,,,,,
CompBio,spatial-sim-q2,galaxy_codex_gpt_5_6_luna_r1,codex_gpt_5_6_luna,1,codex,,7,7,0,0,0,False,,,,,
CompBio,spatial-sim-q2,galaxy_codex_gpt_5_6_luna_r2,codex_gpt_5_6_luna,2,codex,,39,39,17,17,0,True,,,,,9.0
CompBio,spatial-sim-q2,galaxy_codex_gpt_5_6_luna_r3,codex_gpt_5_6_luna,3,codex,,15,15,0,0,0,False,,,,,
CompBio,spatial-sim-q2,galaxy_codex_gpt_5_6_sol_r1,codex_gpt_5_6_sol,1,codex,,8,8,0,0,0,False,,,,,
CompBio,spatial-sim-q2,galaxy_codex_gpt_5_6_sol_r2,codex_gpt_5_6_sol,2,codex,,209,209,18,18,0,False,,,,,
CompBio,spatial-sim-q2,galaxy_codex_gpt_5_6_sol_r3,codex_gpt_5_6_sol,3,codex,,5,5,0,0,0,False,,,,,
CompBio,splice-pred-q1,galaxy_codex_deepseek_v4_pro_0813_r1,codex_deepseek_v4_pro_0813,1,codex,,3,3,0,0,0,False,,,,,
CompBio,splice-pred-q1,galaxy_codex_deepseek_v4_pro_0813_r2,codex_deepseek_v4_pro_0813,2,codex,,28,28,4,4,0,False,,,,,
CompBio,splice-pred-q1,galaxy_codex_deepseek_v4_pro_0813_r3,codex_deepseek_v4_pro_0813,3,codex,,67,67,22,22,0,True,,,,,5.0
CompBio,splice-pred-q1,galaxy_codex_gpt_5_5_r1,codex_gpt_5_5,1,codex,,2,2,0,0,0,False,,,,,
CompBio,splice-pred-q1,galaxy_codex_gpt_5_5_r2,codex_gpt_5_5,2,codex,,4,4,1,1,0,False,,,,,
CompBio,splice-pred-q1,galaxy_codex_gpt_5_5_r3,codex_gpt_5_5,3,codex,,23,23,12,12,0,True,,,,,2.0
CompBio,splice-pred-q1,galaxy_codex_gpt_5_6_luna_r1,codex_gpt_5_6_luna,1,codex,,84,84,9,9,0,True,,,,,4.0
CompBio,splice-pred-q1,galaxy_codex_gpt_5_6_luna_r2,codex_gpt_5_6_luna,2,codex,,23,23,5,5,0,False,,,,,
CompBio,splice-pred-q1,galaxy_codex_gpt_5_6_luna_r3,codex_gpt_5_6_luna,3,codex,,89,89,21,21,0,False,,,,,
CompBio,splice-pred-q1,galaxy_codex_gpt_5_6_sol_r1,codex_gpt_5_6_sol,1,codex,,11,11,4,4,0,False,,,,,
CompBio,splice-pred-q1,galaxy_codex_gpt_5_6_sol_r2,codex_gpt_5_6_sol,2,codex,,15,15,4,4,0,False,,,,,
CompBio,splice-pred-q1,galaxy_codex_gpt_5_6_sol_r3,codex_gpt_5_6_sol,3,codex,,10,10,1,1,0,False,,,,,
CompBio,subtype-inflammation-q1,galaxy_codex_deepseek_v4_pro_0813_r1,codex_deepseek_v4_pro_0813,1,codex,,141,141,9,9,0,False,,,,,
CompBio,subtype-inflammation-q1,galaxy_codex_deepseek_v4_pro_0813_r2,codex_deepseek_v4_pro_0813,2,codex,,114,114,9,9,0,False,,,,,
CompBio,subtype-inflammation-q1,galaxy_codex_deepseek_v4_pro_0813_r3,codex_deepseek_v4_pro_0813,3,codex,,37,37,8,8,0,False,,,,,
CompBio,subtype-inflammation-q1,galaxy_codex_gpt_5_5_r1,codex_gpt_5_5,1,codex,,4,4,1,1,0,False,,,,,
CompBio,subtype-inflammation-q1,galaxy_codex_gpt_5_5_r2,codex_gpt_5_5,2,codex,,5,5,0,0,0,False,,,,,
CompBio,subtype-inflammation-q1,galaxy_codex_gpt_5_5_r3,codex_gpt_5_5,3,codex,,61,61,7,7,0,False,,,,,
CompBio,subtype-inflammation-q1,galaxy_codex_gpt_5_6_luna_r1,codex_gpt_5_6_luna,1,codex,,8,8,0,0,0,False,,,,,
CompBio,subtype-inflammation-q1,galaxy_codex_gpt_5_6_luna_r2,codex_gpt_5_6_luna,2,codex,,18,18,0,0,0,False,,,,,
CompBio,subtype-inflammation-q1,galaxy_codex_gpt_5_6_luna_r3,codex_gpt_5_6_luna,3,codex,,17,17,2,2,0,False,,,,,
CompBio,subtype-inflammation-q1,galaxy_codex_gpt_5_6_sol_r1,codex_gpt_5_6_sol,1,codex,,24,24,4,4,0,False,,,,,
CompBio,subtype-inflammation-q1,galaxy_codex_gpt_5_6_sol_r2,codex_gpt_5_6_sol,2,codex,,40,40,2,2,0,False,,,,,
CompBio,subtype-inflammation-q1,galaxy_codex_gpt_5_6_sol_r3,codex_gpt_5_6_sol,3,codex,,13,13,1,1,0,False,,,,,
CompBio,three-way-barnyard-q1,galaxy_codex_deepseek_v4_pro_0813_r1,codex_deepseek_v4_pro_0813,1,codex,,37,37,8,8,0,False,,,,,
CompBio,three-way-barnyard-q1,galaxy_codex_deepseek_v4_pro_0813_r2,codex_deepseek_v4_pro_0813,2,codex,,69,69,10,10,0,False,,,,,
CompBio,three-way-barnyard-q1,galaxy_codex_deepseek_v4_pro_0813_r3,codex_deepseek_v4_pro_0813,3,codex,,129,129,8,8,0,False,,,,,
CompBio,three-way-barnyard-q1,galaxy_codex_gpt_5_5_r1,codex_gpt_5_5,1,codex,,3,3,0,0,0,False,,,,,
CompBio,three-way-barnyard-q1,galaxy_codex_gpt_5_5_r2,codex_gpt_5_5,2,codex,,5,5,0,0,0,False,,,,,
CompBio,three-way-barnyard-q1,galaxy_codex_gpt_5_5_r3,codex_gpt_5_5,3,codex,,41,41,9,9,0,False,,,,,
CompBio,three-way-barnyard-q1,galaxy_codex_gpt_5_6_luna_r1,codex_gpt_5_6_luna,1,codex,,236,236,25,25,0,False,,,,,
CompBio,three-way-barnyard-q1,galaxy_codex_gpt_5_6_luna_r2,codex_gpt_5_6_luna,2,codex,,39,39,4,4,0,False,,,,,
CompBio,three-way-barnyard-q1,galaxy_codex_gpt_5_6_luna_r3,codex_gpt_5_6_luna,3,codex,,55,55,13,13,0,False,,,,,
CompBio,three-way-barnyard-q1,galaxy_codex_gpt_5_6_sol_r1,codex_gpt_5_6_sol,1,codex,,32,32,2,2,0,False,,,,,
CompBio,three-way-barnyard-q1,galaxy_codex_gpt_5_6_sol_r2,codex_gpt_5_6_sol,2,codex,,16,16,0,0,0,False,,,,,
CompBio,three-way-barnyard-q1,galaxy_codex_gpt_5_6_sol_r3,codex_gpt_5_6_sol,3,codex,,17,17,0,0,0,False,,,,,
CompBio,three-way-barnyard-q2,galaxy_codex_deepseek_v4_pro_0813_r1,codex_deepseek_v4_pro_0813,1,codex,,31,31,1,1,0,False,,,,,
CompBio,three-way-barnyard-q2,galaxy_codex_deepseek_v4_pro_0813_r2,codex_deepseek_v4_pro_0813,2,codex,,128,128,7,7,0,False,,,,,
CompBio,three-way-barnyard-q2,galaxy_codex_deepseek_v4_pro_0813_r3,codex_deepseek_v4_pro_0813,3,codex,,400,400,34,34,0,False,,,,,
CompBio,three-way-barnyard-q2,galaxy_codex_gpt_5_5_r1,codex_gpt_5_5,1,codex,,3,3,0,0,0,False,,,,,
CompBio,three-way-barnyard-q2,galaxy_codex_gpt_5_5_r2,codex_gpt_5_5,2,codex,,5,5,1,1,0,False,,,,,
CompBio,three-way-barnyard-q2,galaxy_codex_gpt_5_5_r3,codex_gpt_5_5,3,codex,,17,17,4,4,0,False,,,,,
CompBio,three-way-barnyard-q2,galaxy_codex_gpt_5_6_luna_r1,codex_gpt_5_6_luna,1,codex,,249,249,26,26,0,False,,,,,
CompBio,three-way-barnyard-q2,galaxy_codex_gpt_5_6_luna_r2,codex_gpt_5_6_luna,2,codex,,262,262,29,29,0,False,,,,,
CompBio,three-way-barnyard-q2,galaxy_codex_gpt_5_6_luna_r3,codex_gpt_5_6_luna,3,codex,,43,43,7,7,0,False,,,,,
CompBio,three-way-barnyard-q2,galaxy_codex_gpt_5_6_sol_r1,codex_gpt_5_6_sol,1,codex,,17,17,2,2,0,False,,,,,
CompBio,three-way-barnyard-q2,galaxy_codex_gpt_5_6_sol_r2,codex_gpt_5_6_sol,2,codex,,34,34,6,6,0,False,,,,,
CompBio,three-way-barnyard-q2,galaxy_codex_gpt_5_6_sol_r3,codex_gpt_5_6_sol,3,codex,,21,21,2,2,0,False,,,,,
CompBio,tissue-fibroblast-q1,galaxy_codex_deepseek_v4_pro_0813_r1,codex_deepseek_v4_pro_0813,1,codex,,43,43,10,10,0,False,,,,,
CompBio,tissue-fibroblast-q1,galaxy_codex_deepseek_v4_pro_0813_r2,codex_deepseek_v4_pro_0813,2,codex,,44,44,13,13,0,False,,,,,
CompBio,tissue-fibroblast-q1,galaxy_codex_deepseek_v4_pro_0813_r3,codex_deepseek_v4_pro_0813,3,codex,,471,471,54,54,0,True,,,,,4.0
CompBio,tissue-fibroblast-q1,galaxy_codex_gpt_5_5_r1,codex_gpt_5_5,1,codex,,10,10,3,3,0,False,,,,,
CompBio,tissue-fibroblast-q1,galaxy_codex_gpt_5_5_r2,codex_gpt_5_5,2,codex,,9,9,3,3,0,False,,,,,
CompBio,tissue-fibroblast-q1,galaxy_codex_gpt_5_5_r3,codex_gpt_5_5,3,codex,,5,5,4,4,0,False,,,,,
CompBio,tissue-fibroblast-q1,galaxy_codex_gpt_5_6_luna_r1,codex_gpt_5_6_luna,1,codex,,41,41,15,15,0,False,,,,,
CompBio,tissue-fibroblast-q1,galaxy_codex_gpt_5_6_luna_r2,codex_gpt_5_6_luna,2,codex,,53,53,2,2,0,False,,,,,
CompBio,tissue-fibroblast-q1,galaxy_codex_gpt_5_6_luna_r3,codex_gpt_5_6_luna,3,codex,,47,47,4,4,0,False,,,,,
CompBio,tissue-fibroblast-q1,galaxy_codex_gpt_5_6_sol_r1,codex_gpt_5_6_sol,1,codex,,10,10,1,1,0,False,,,,,
CompBio,tissue-fibroblast-q1,galaxy_codex_gpt_5_6_sol_r2,codex_gpt_5_6_sol,2,codex,,15,15,1,1,0,False,,,,,
CompBio,tissue-fibroblast-q1,galaxy_codex_gpt_5_6_sol_r3,codex_gpt_5_6_sol,3,codex,,8,8,2,2,0,False,,,,,
CompBio,variant-coordinate-lookup-q1,galaxy_codex_deepseek_v4_pro_0813_r1,codex_deepseek_v4_pro_0813,1,codex,,25,25,1,1,0,False,,,,,
CompBio,variant-coordinate-lookup-q1,galaxy_codex_deepseek_v4_pro_0813_r2,codex_deepseek_v4_pro_0813,2,codex,,25,25,0,0,0,False,,,,,
CompBio,variant-coordinate-lookup-q1,galaxy_codex_deepseek_v4_pro_0813_r3,codex_deepseek_v4_pro_0813,3,codex,,83,83,8,8,0,False,,,,,
CompBio,variant-coordinate-lookup-q1,galaxy_codex_gpt_5_5_r1,codex_gpt_5_5,1,codex,,9,9,1,1,0,False,,,,,
CompBio,variant-coordinate-lookup-q1,galaxy_codex_gpt_5_5_r2,codex_gpt_5_5,2,codex,,23,23,6,6,0,False,,,,,
CompBio,variant-coordinate-lookup-q1,galaxy_codex_gpt_5_5_r3,codex_gpt_5_5,3,codex,,21,21,5,5,0,False,,,,,
CompBio,variant-coordinate-lookup-q1,galaxy_codex_gpt_5_6_luna_r1,codex_gpt_5_6_luna,1,codex,,72,72,3,3,0,False,,,,,
CompBio,variant-coordinate-lookup-q1,galaxy_codex_gpt_5_6_luna_r2,codex_gpt_5_6_luna,2,codex,,61,61,5,5,0,False,,,,,
CompBio,variant-coordinate-lookup-q1,galaxy_codex_gpt_5_6_sol_r1,codex_gpt_5_6_sol,1,codex,,18,18,1,1,0,False,,,,,
CompBio,variant-coordinate-lookup-q1,galaxy_codex_gpt_5_6_sol_r2,codex_gpt_5_6_sol,2,codex,,6,6,0,0,0,False,,,,,
CompBio,variant-coordinate-lookup-q1,galaxy_codex_gpt_5_6_sol_r3,codex_gpt_5_6_sol,3,codex,,8,8,1,1,0,False,,,,,
CompBio,variant-status-q1,galaxy_codex_deepseek_v4_pro_0813_r1,codex_deepseek_v4_pro_0813,1,codex,,13,13,3,3,0,False,,,,,
CompBio,variant-status-q1,galaxy_codex_deepseek_v4_pro_0813_r2,codex_deepseek_v4_pro_0813,2,codex,,36,36,3,3,0,False,,,,,
CompBio,variant-status-q1,galaxy_codex_deepseek_v4_pro_0813_r3,codex_deepseek_v4_pro_0813,3,codex,,31,31,6,6,0,False,,,,,
CompBio,variant-status-q1,galaxy_codex_gpt_5_5_r1,codex_gpt_5_5,1,codex,,2,2,0,0,0,False,,,,,
CompBio,variant-status-q1,galaxy_codex_gpt_5_5_r2,codex_gpt_5_5,2,codex,,6,6,2,2,0,False,,,,,
CompBio,variant-status-q1,galaxy_codex_gpt_5_5_r3,codex_gpt_5_5,3,codex,,6,6,0,0,0,False,,,,,
CompBio,variant-status-q1,galaxy_codex_gpt_5_6_luna_r1,codex_gpt_5_6_luna,1,codex,,21,21,1,1,0,False,,,,,
CompBio,variant-status-q1,galaxy_codex_gpt_5_6_luna_r2,codex_gpt_5_6_luna,2,codex,,88,88,6,6,0,False,,,,,
CompBio,variant-status-q1,galaxy_codex_gpt_5_6_luna_r3,codex_gpt_5_6_luna,3,codex,,15,15,2,2,0,False,,,,,
CompBio,variant-status-q1,galaxy_codex_gpt_5_6_sol_r1,codex_gpt_5_6_sol,1,codex,,15,15,2,2,0,False,,,,,
CompBio,variant-status-q1,galaxy_codex_gpt_5_6_sol_r2,codex_gpt_5_6_sol,2,codex,,10,10,1,1,0,False,,,,,
CompBio,variant-status-q1,galaxy_codex_gpt_5_6_sol_r3,codex_gpt_5_6_sol,3,codex,,15,15,2,2,0,False,,,,,
CompBio,vcf-infer-ancestry-q1,galaxy_codex_deepseek_v4_pro_0813_r1,codex_deepseek_v4_pro_0813,1,codex,,86,86,14,14,0,False,,,,,
CompBio,vcf-infer-ancestry-q1,galaxy_codex_deepseek_v4_pro_0813_r2,codex_deepseek_v4_pro_0813,2,codex,,31,31,5,5,0,False,,,,,
CompBio,vcf-infer-ancestry-q1,galaxy_codex_deepseek_v4_pro_0813_r3,codex_deepseek_v4_pro_0813,3,codex,,39,39,2,2,0,False,,,,,
CompBio,vcf-infer-ancestry-q1,galaxy_codex_gpt_5_5_r1,codex_gpt_5_5,1,codex,,15,15,4,4,0,False,,,,,
CompBio,vcf-infer-ancestry-q1,galaxy_codex_gpt_5_5_r2,codex_gpt_5_5,2,codex,,9,9,1,1,0,False,,,,,
CompBio,vcf-infer-ancestry-q1,galaxy_codex_gpt_5_5_r3,codex_gpt_5_5,3,codex,,23,23,8,8,0,False,,,,,
CompBio,vcf-infer-ancestry-q1,galaxy_codex_gpt_5_6_luna_r1,codex_gpt_5_6_luna,1,codex,,55,55,7,7,0,False,,,,,
CompBio,vcf-infer-ancestry-q1,galaxy_codex_gpt_5_6_luna_r2,codex_gpt_5_6_luna,2,codex,,42,42,4,4,0,False,,,,,
CompBio,vcf-infer-ancestry-q1,galaxy_codex_gpt_5_6_luna_r3,codex_gpt_5_6_luna,3,codex,,30,30,3,3,0,False,,,,,
CompBio,vcf-infer-ancestry-q1,galaxy_codex_gpt_5_6_sol_r1,codex_gpt_5_6_sol,1,codex,,26,26,4,4,0,False,,,,,
CompBio,vcf-infer-ancestry-q1,galaxy_codex_gpt_5_6_sol_r2,codex_gpt_5_6_sol,2,codex,,12,12,1,1,0,False,,,,,
CompBio,vcf-infer-ancestry-q1,galaxy_codex_gpt_5_6_sol_r3,codex_gpt_5_6_sol,3,codex,,14,14,1,1,0,False,,,,,
CompBio,vcf-infer-build-q1,galaxy_codex_deepseek_v4_pro_0813_r1,codex_deepseek_v4_pro_0813,1,codex,,37,37,5,5,0,False,,,,,
CompBio,vcf-infer-build-q1,galaxy_codex_deepseek_v4_pro_0813_r2,codex_deepseek_v4_pro_0813,2,codex,,133,133,15,15,0,False,,,,,
CompBio,vcf-infer-build-q1,galaxy_codex_deepseek_v4_pro_0813_r3,codex_deepseek_v4_pro_0813,3,codex,,101,101,11,11,0,False,,,,,
CompBio,vcf-infer-build-q1,galaxy_codex_gpt_5_5_r1,codex_gpt_5_5,1,codex,,3,3,1,1,0,False,,,,,
CompBio,vcf-infer-build-q1,galaxy_codex_gpt_5_5_r2,codex_gpt_5_5,2,codex,,5,5,1,1,0,False,,,,,
CompBio,vcf-infer-build-q1,galaxy_codex_gpt_5_5_r3,codex_gpt_5_5,3,codex,,58,58,14,14,0,False,,,,,
CompBio,vcf-infer-build-q1,galaxy_codex_gpt_5_6_luna_r1,codex_gpt_5_6_luna,1,codex,,199,199,16,16,0,False,,,,,
CompBio,vcf-infer-build-q1,galaxy_codex_gpt_5_6_luna_r2,codex_gpt_5_6_luna,2,codex,,104,104,16,16,0,False,,,,,
CompBio,vcf-infer-build-q1,galaxy_codex_gpt_5_6_luna_r3,codex_gpt_5_6_luna,3,codex,,97,97,9,9,0,False,,,,,
CompBio,vcf-infer-build-q1,galaxy_codex_gpt_5_6_sol_r1,codex_gpt_5_6_sol,1,codex,,60,60,6,6,0,False,,,,,
CompBio,vcf-infer-build-q1,galaxy_codex_gpt_5_6_sol_r2,codex_gpt_5_6_sol,2,codex,,33,33,3,3,0,False,,,,,
CompBio,vcf-infer-build-q1,galaxy_codex_gpt_5_6_sol_r3,codex_gpt_5_6_sol,3,codex,,35,35,12,12,0,False,,,,,
IWC,wf_001_short_read_qc_trim,galaxy_codex_deepseek_v4_pro_r1,codex_deepseek_v4_pro,1,codex,,27,27,6,6,0,False,,,,,
IWC,wf_001_short_read_qc_trim,galaxy_codex_deepseek_v4_pro_r2,codex_deepseek_v4_pro,2,codex,,15,15,3,3,0,False,,,,,
IWC,wf_001_short_read_qc_trim,galaxy_codex_deepseek_v4_pro_r3,codex_deepseek_v4_pro,3,codex,,16,16,3,3,0,False,,,,,
IWC,wf_001_short_read_qc_trim,galaxy_gpt_5_5_r1,codex_gpt_5_5,1,codex,,9,9,2,2,0,False,1.0,,,,
IWC,wf_001_short_read_qc_trim,galaxy_gpt_5_5_r2,codex_gpt_5_5,2,codex,,20,20,2,2,0,False,,,,,
IWC,wf_001_short_read_qc_trim,galaxy_gpt_5_5_r3,codex_gpt_5_5,3,codex,,17,17,2,2,0,False,1.0,,,,
IWC,wf_001_short_read_qc_trim,galaxy_gpt_5_6_luna_r1,codex_gpt_5_6_luna,1,codex,,28,28,4,4,0,False,,,,,
IWC,wf_001_short_read_qc_trim,galaxy_gpt_5_6_luna_r2,codex_gpt_5_6_luna,2,codex,,20,20,4,4,0,False,,,,,
IWC,wf_001_short_read_qc_trim,galaxy_gpt_5_6_luna_r3,codex_gpt_5_6_luna,3,codex,,28,28,2,2,0,False,,,,,
IWC,wf_001_short_read_qc_trim,galaxy_gpt_5_6_sol_r1,codex_gpt_5_6_sol,1,codex,,15,15,1,1,0,False,,,,,
IWC,wf_001_short_read_qc_trim,galaxy_gpt_5_6_sol_r2,codex_gpt_5_6_sol,2,codex,,9,9,2,2,0,False,,,,,
IWC,wf_001_short_read_qc_trim,galaxy_gpt_5_6_sol_r3,codex_gpt_5_6_sol,3,codex,,10,10,3,3,0,False,,,,,
IWC,wf_002_rnaseq_de_visualization,galaxy_codex_deepseek_v4_pro_r1,codex_deepseek_v4_pro,1,codex,,14,14,1,1,0,False,,,,,
IWC,wf_002_rnaseq_de_visualization,galaxy_codex_deepseek_v4_pro_r2,codex_deepseek_v4_pro,2,codex,,40,40,0,0,0,False,,,,,
IWC,wf_002_rnaseq_de_visualization,galaxy_codex_deepseek_v4_pro_r3,codex_deepseek_v4_pro,3,codex,,27,27,2,2,0,False,,,,,
IWC,wf_002_rnaseq_de_visualization,galaxy_gpt_5_5_r1,codex_gpt_5_5,1,codex,,12,12,0,0,0,False,1.0,,,,
IWC,wf_002_rnaseq_de_visualization,galaxy_gpt_5_5_r2,codex_gpt_5_5,2,codex,,12,12,0,0,0,False,1.0,,,,
IWC,wf_002_rnaseq_de_visualization,galaxy_gpt_5_5_r3,codex_gpt_5_5,3,codex,,12,12,0,0,0,False,1.0,,,,
IWC,wf_002_rnaseq_de_visualization,galaxy_gpt_5_6_luna_r1,codex_gpt_5_6_luna,1,codex,,62,62,8,8,0,False,,,,,
IWC,wf_002_rnaseq_de_visualization,galaxy_gpt_5_6_luna_r2,codex_gpt_5_6_luna,2,codex,,42,42,5,5,0,False,,,,,
IWC,wf_002_rnaseq_de_visualization,galaxy_gpt_5_6_luna_r3,codex_gpt_5_6_luna,3,codex,,62,62,3,3,0,False,,,,,
IWC,wf_002_rnaseq_de_visualization,galaxy_gpt_5_6_sol_r1,codex_gpt_5_6_sol,1,codex,,23,23,1,1,0,False,,,,,
IWC,wf_002_rnaseq_de_visualization,galaxy_gpt_5_6_sol_r2,codex_gpt_5_6_sol,2,codex,,34,34,1,1,0,False,,,,,
IWC,wf_002_rnaseq_de_visualization,galaxy_gpt_5_6_sol_r3,codex_gpt_5_6_sol,3,codex,,40,40,2,2,0,False,,,,,
IWC,wf_003_host_contamination_removal,galaxy_codex_deepseek_v4_pro_r1,codex_deepseek_v4_pro,1,codex,,35,35,4,4,0,False,,,,,
IWC,wf_003_host_contamination_removal,galaxy_codex_deepseek_v4_pro_r2,codex_deepseek_v4_pro,2,codex,,37,37,9,9,0,False,,,,,
IWC,wf_003_host_contamination_removal,galaxy_codex_deepseek_v4_pro_r3,codex_deepseek_v4_pro,3,codex,,20,20,3,3,0,False,,,,,
IWC,wf_003_host_contamination_removal,galaxy_gpt_5_5_r1,codex_gpt_5_5,1,codex,,10,10,1,1,0,False,1.0,,,,
IWC,wf_003_host_contamination_removal,galaxy_gpt_5_5_r2,codex_gpt_5_5,2,codex,,16,16,1,1,0,False,1.0,,,,
IWC,wf_003_host_contamination_removal,galaxy_gpt_5_5_r3,codex_gpt_5_5,3,codex,,10,10,2,2,0,False,1.0,,,,
IWC,wf_003_host_contamination_removal,galaxy_gpt_5_6_luna_r1,codex_gpt_5_6_luna,1,codex,,26,26,3,3,0,False,,,,,
IWC,wf_003_host_contamination_removal,galaxy_gpt_5_6_luna_r2,codex_gpt_5_6_luna,2,codex,,21,21,2,2,0,False,,,,,
IWC,wf_003_host_contamination_removal,galaxy_gpt_5_6_luna_r3,codex_gpt_5_6_luna,3,codex,,44,44,4,4,0,False,,,,,
IWC,wf_003_host_contamination_removal,galaxy_gpt_5_6_sol_r1,codex_gpt_5_6_sol,1,codex,,32,32,3,3,0,False,,,,,
IWC,wf_003_host_contamination_removal,galaxy_gpt_5_6_sol_r2,codex_gpt_5_6_sol,2,codex,,48,48,4,4,0,False,,,,,
IWC,wf_003_host_contamination_removal,galaxy_gpt_5_6_sol_r3,codex_gpt_5_6_sol,3,codex,,9,9,0,0,0,False,,,,,
IWC,wf_005_amplicon_dada2_pe_denoising,galaxy_codex_deepseek_v4_pro_r1,codex_deepseek_v4_pro,1,codex,,26,26,1,1,0,False,,,,,
IWC,wf_005_amplicon_dada2_pe_denoising,galaxy_codex_deepseek_v4_pro_r2,codex_deepseek_v4_pro,2,codex,,28,28,4,4,0,False,,,,,
IWC,wf_005_amplicon_dada2_pe_denoising,galaxy_codex_deepseek_v4_pro_r3,codex_deepseek_v4_pro,3,codex,,40,40,1,1,0,False,,,,,
IWC,wf_005_amplicon_dada2_pe_denoising,galaxy_gpt_5_5_r1,codex_gpt_5_5,1,codex,,19,19,0,0,0,False,,,,,
IWC,wf_005_amplicon_dada2_pe_denoising,galaxy_gpt_5_5_r2,codex_gpt_5_5,2,codex,,15,15,0,0,0,False,1.0,,,,
IWC,wf_005_amplicon_dada2_pe_denoising,galaxy_gpt_5_5_r3,codex_gpt_5_5,3,codex,,38,38,1,1,0,False,1.0,,,,
IWC,wf_005_amplicon_dada2_pe_denoising,galaxy_gpt_5_6_luna_r1,codex_gpt_5_6_luna,1,codex,,0,0,0,0,0,False,,,,,
IWC,wf_005_amplicon_dada2_pe_denoising,galaxy_gpt_5_6_luna_r2,codex_gpt_5_6_luna,2,codex,,91,91,12,12,0,False,,,,,
IWC,wf_005_amplicon_dada2_pe_denoising,galaxy_gpt_5_6_luna_r3,codex_gpt_5_6_luna,3,codex,,47,47,2,2,0,False,,,,,
IWC,wf_005_amplicon_dada2_pe_denoising,galaxy_gpt_5_6_sol_r1,codex_gpt_5_6_sol,1,codex,,72,72,10,10,0,False,,,,,
IWC,wf_005_amplicon_dada2_pe_denoising,galaxy_gpt_5_6_sol_r2,codex_gpt_5_6_sol,2,codex,,42,42,1,1,0,False,,,,,
IWC,wf_005_amplicon_dada2_pe_denoising,galaxy_gpt_5_6_sol_r3,codex_gpt_5_6_sol,3,codex,,43,43,6,6,0,False,,,,,
IWC,wf_006_atacseq_chromatin_accessibility,galaxy_codex_deepseek_v4_pro_r1,codex_deepseek_v4_pro,1,codex,,49,49,9,9,0,False,,,,,
IWC,wf_006_atacseq_chromatin_accessibility,galaxy_codex_deepseek_v4_pro_r2,codex_deepseek_v4_pro,2,codex,,36,36,7,7,0,False,,,,,
IWC,wf_006_atacseq_chromatin_accessibility,galaxy_codex_deepseek_v4_pro_r3,codex_deepseek_v4_pro,3,codex,,57,57,7,7,0,False,,,,,
IWC,wf_006_atacseq_chromatin_accessibility,galaxy_gpt_5_5_r1,codex_gpt_5_5,1,codex,,33,33,1,1,0,False,1.0,,,,
IWC,wf_006_atacseq_chromatin_accessibility,galaxy_gpt_5_5_r2,codex_gpt_5_5,2,codex,,35,35,3,3,0,False,,,,,
IWC,wf_006_atacseq_chromatin_accessibility,galaxy_gpt_5_5_r3,codex_gpt_5_5,3,codex,,39,39,1,1,0,False,1.0,,,,
IWC,wf_006_atacseq_chromatin_accessibility,galaxy_gpt_5_6_luna_r1,codex_gpt_5_6_luna,1,codex,,170,170,15,15,0,False,,,,,
IWC,wf_006_atacseq_chromatin_accessibility,galaxy_gpt_5_6_luna_r2,codex_gpt_5_6_luna,2,codex,,53,53,5,5,0,False,,,,,
IWC,wf_006_atacseq_chromatin_accessibility,galaxy_gpt_5_6_luna_r3,codex_gpt_5_6_luna,3,codex,,40,40,2,2,0,False,,,,,
IWC,wf_006_atacseq_chromatin_accessibility,galaxy_gpt_5_6_sol_r1,codex_gpt_5_6_sol,1,codex,,37,37,3,3,0,False,,,,,
IWC,wf_006_atacseq_chromatin_accessibility,galaxy_gpt_5_6_sol_r2,codex_gpt_5_6_sol,2,codex,,34,34,4,4,0,False,,,,,
IWC,wf_006_atacseq_chromatin_accessibility,galaxy_gpt_5_6_sol_r3,codex_gpt_5_6_sol,3,codex,,42,42,2,2,0,False,,,,,
IWC,wf_007_vgp_mitogenome_assembly,galaxy_codex_deepseek_v4_pro_r1,codex_deepseek_v4_pro,1,codex,,9,9,2,2,0,False,,,,,
IWC,wf_007_vgp_mitogenome_assembly,galaxy_codex_deepseek_v4_pro_r2,codex_deepseek_v4_pro,2,codex,,12,12,3,3,0,False,,,,,
IWC,wf_007_vgp_mitogenome_assembly,galaxy_codex_deepseek_v4_pro_r3,codex_deepseek_v4_pro,3,codex,,63,63,5,5,0,False,,,,,
IWC,wf_007_vgp_mitogenome_assembly,galaxy_gpt_5_5_r1,codex_gpt_5_5,1,codex,,18,18,3,3,0,False,1.0,,,,
IWC,wf_007_vgp_mitogenome_assembly,galaxy_gpt_5_5_r2,codex_gpt_5_5,2,codex,,8,8,1,1,0,False,,,,,
IWC,wf_007_vgp_mitogenome_assembly,galaxy_gpt_5_5_r3,codex_gpt_5_5,3,codex,,22,22,3,3,0,False,1.0,,,,
IWC,wf_007_vgp_mitogenome_assembly,galaxy_gpt_5_6_luna_r1,codex_gpt_5_6_luna,1,codex,,44,44,3,3,0,False,,,,,
IWC,wf_007_vgp_mitogenome_assembly,galaxy_gpt_5_6_luna_r2,codex_gpt_5_6_luna,2,codex,,22,22,1,1,0,False,,,,,
IWC,wf_007_vgp_mitogenome_assembly,galaxy_gpt_5_6_luna_r3,codex_gpt_5_6_luna,3,codex,,38,38,1,1,0,False,,,,,
IWC,wf_007_vgp_mitogenome_assembly,galaxy_gpt_5_6_sol_r1,codex_gpt_5_6_sol,1,codex,,40,40,4,4,0,False,,,,,
IWC,wf_007_vgp_mitogenome_assembly,galaxy_gpt_5_6_sol_r2,codex_gpt_5_6_sol,2,codex,,33,33,3,3,0,False,,,,,
IWC,wf_007_vgp_mitogenome_assembly,galaxy_gpt_5_6_sol_r3,codex_gpt_5_6_sol,3,codex,,14,14,1,1,0,False,,,,,
IWC,wf_008_amr_gene_detection,galaxy_codex_deepseek_v4_pro_r1,codex_deepseek_v4_pro,1,codex,,0,0,0,0,0,False,,,,,
IWC,wf_008_amr_gene_detection,galaxy_codex_deepseek_v4_pro_r2,codex_deepseek_v4_pro,2,codex,,13,13,1,1,0,False,,,,,
IWC,wf_008_amr_gene_detection,galaxy_codex_deepseek_v4_pro_r3,codex_deepseek_v4_pro,3,codex,,24,24,1,1,0,False,,,,,
IWC,wf_008_amr_gene_detection,galaxy_gpt_5_5_r1,codex_gpt_5_5,1,codex,,8,8,0,0,0,False,1.0,,,,
IWC,wf_008_amr_gene_detection,galaxy_gpt_5_5_r2,codex_gpt_5_5,2,codex,,10,10,0,0,0,False,1.0,,,,
IWC,wf_008_amr_gene_detection,galaxy_gpt_5_5_r3,codex_gpt_5_5,3,codex,,11,11,0,0,0,False,,,,,
IWC,wf_008_amr_gene_detection,galaxy_gpt_5_6_luna_r1,codex_gpt_5_6_luna,1,codex,,14,14,0,0,0,False,,,,,
IWC,wf_008_amr_gene_detection,galaxy_gpt_5_6_luna_r2,codex_gpt_5_6_luna,2,codex,,19,19,0,0,0,False,,,,,
IWC,wf_008_amr_gene_detection,galaxy_gpt_5_6_luna_r3,codex_gpt_5_6_luna,3,codex,,15,15,0,0,0,False,,,,,
IWC,wf_008_amr_gene_detection,galaxy_gpt_5_6_sol_r1,codex_gpt_5_6_sol,1,codex,,10,10,0,0,0,False,,,,,
IWC,wf_008_amr_gene_detection,galaxy_gpt_5_6_sol_r2,codex_gpt_5_6_sol,2,codex,,15,15,0,0,0,False,,,,,
IWC,wf_008_amr_gene_detection,galaxy_gpt_5_6_sol_r3,codex_gpt_5_6_sol,3,codex,,16,16,0,0,0,False,,,,,
IWC,wf_009_clinicalmp_peptide_verification,galaxy_codex_deepseek_v4_pro_r1,codex_deepseek_v4_pro,1,codex,,20,20,2,2,0,False,,,,,
IWC,wf_009_clinicalmp_peptide_verification,galaxy_codex_deepseek_v4_pro_r2,codex_deepseek_v4_pro,2,codex,,36,36,1,1,0,False,,,,,
IWC,wf_009_clinicalmp_peptide_verification,galaxy_codex_deepseek_v4_pro_r3,codex_deepseek_v4_pro,3,codex,,38,38,2,2,0,False,,,,,
IWC,wf_009_clinicalmp_peptide_verification,galaxy_gpt_5_5_r1,codex_gpt_5_5,1,codex,,20,20,2,2,0,False,,,,,
IWC,wf_009_clinicalmp_peptide_verification,galaxy_gpt_5_5_r2,codex_gpt_5_5,2,codex,,13,13,0,0,0,False,1.0,,,,
IWC,wf_009_clinicalmp_peptide_verification,galaxy_gpt_5_5_r3,codex_gpt_5_5,3,codex,,18,18,1,1,0,False,,,,,
IWC,wf_009_clinicalmp_peptide_verification,galaxy_gpt_5_6_luna_r1,codex_gpt_5_6_luna,1,codex,,129,129,17,17,0,False,1.0,,,,
IWC,wf_009_clinicalmp_peptide_verification,galaxy_gpt_5_6_luna_r2,codex_gpt_5_6_luna,2,codex,,25,25,3,3,0,False,,,,,
IWC,wf_009_clinicalmp_peptide_verification,galaxy_gpt_5_6_luna_r3,codex_gpt_5_6_luna,3,codex,,82,82,9,9,0,False,,,,,
IWC,wf_009_clinicalmp_peptide_verification,galaxy_gpt_5_6_sol_r1,codex_gpt_5_6_sol,1,codex,,21,21,2,2,0,False,,,,,
IWC,wf_009_clinicalmp_peptide_verification,galaxy_gpt_5_6_sol_r2,codex_gpt_5_6_sol,2,codex,,21,21,5,5,0,False,,,,,
IWC,wf_009_clinicalmp_peptide_verification,galaxy_gpt_5_6_sol_r3,codex_gpt_5_6_sol,3,codex,,53,53,1,1,0,False,,,,,
IWC,wf_010_pseudobulk_scrna_de,galaxy_codex_deepseek_v4_pro_r1,codex_deepseek_v4_pro,1,codex,,92,92,13,13,0,False,,,,,
IWC,wf_010_pseudobulk_scrna_de,galaxy_codex_deepseek_v4_pro_r2,codex_deepseek_v4_pro,2,codex,,78,78,9,9,0,False,,,,,
IWC,wf_010_pseudobulk_scrna_de,galaxy_codex_deepseek_v4_pro_r3,codex_deepseek_v4_pro,3,codex,,160,160,19,19,0,False,,,,,
IWC,wf_010_pseudobulk_scrna_de,galaxy_gpt_5_5_r1,codex_gpt_5_5,1,codex,,33,33,4,4,0,False,1.0,,,,
IWC,wf_010_pseudobulk_scrna_de,galaxy_gpt_5_5_r2,codex_gpt_5_5,2,codex,,32,32,10,10,0,False,,,,,
IWC,wf_010_pseudobulk_scrna_de,galaxy_gpt_5_5_r3,codex_gpt_5_5,3,codex,,34,34,7,7,0,False,1.0,,,,
IWC,wf_010_pseudobulk_scrna_de,galaxy_gpt_5_6_luna_r1,codex_gpt_5_6_luna,1,codex,,64,64,14,14,0,False,,,,,
IWC,wf_010_pseudobulk_scrna_de,galaxy_gpt_5_6_luna_r2,codex_gpt_5_6_luna,2,codex,,88,88,6,6,0,False,1.0,,,,
IWC,wf_010_pseudobulk_scrna_de,galaxy_gpt_5_6_luna_r3,codex_gpt_5_6_luna,3,codex,,78,78,10,10,0,False,1.0,,,,
IWC,wf_010_pseudobulk_scrna_de,galaxy_gpt_5_6_sol_r1,codex_gpt_5_6_sol,1,codex,,56,56,3,3,0,False,,,,,
IWC,wf_010_pseudobulk_scrna_de,galaxy_gpt_5_6_sol_r2,codex_gpt_5_6_sol,2,codex,,33,33,5,5,0,False,,,,,
IWC,wf_010_pseudobulk_scrna_de,galaxy_gpt_5_6_sol_r3,codex_gpt_5_6_sol,3,codex,,57,57,1,1,0,False,,,,,
IWC,wf_011_bioproject_metadata_sequence_retrieval,galaxy_codex_deepseek_v4_pro_r1,codex_deepseek_v4_pro,1,codex,,14,14,0,0,0,False,,,,,
IWC,wf_011_bioproject_metadata_sequence_retrieval,galaxy_codex_deepseek_v4_pro_r2,codex_deepseek_v4_pro,2,codex,,12,12,0,0,0,False,,,,,
IWC,wf_011_bioproject_metadata_sequence_retrieval,galaxy_codex_deepseek_v4_pro_r3,codex_deepseek_v4_pro,3,codex,,18,18,3,3,0,False,,,,,
IWC,wf_011_bioproject_metadata_sequence_retrieval,galaxy_gpt_5_5_r1,codex_gpt_5_5,1,codex,,24,24,0,0,0,False,1.0,,,,
IWC,wf_011_bioproject_metadata_sequence_retrieval,galaxy_gpt_5_5_r2,codex_gpt_5_5,2,codex,,16,16,0,0,0,False,1.0,,,,
IWC,wf_011_bioproject_metadata_sequence_retrieval,galaxy_gpt_5_5_r3,codex_gpt_5_5,3,codex,,26,26,1,1,0,False,1.0,,,,
IWC,wf_011_bioproject_metadata_sequence_retrieval,galaxy_gpt_5_6_luna_r1,codex_gpt_5_6_luna,1,codex,,22,22,1,1,0,False,,,,,
IWC,wf_011_bioproject_metadata_sequence_retrieval,galaxy_gpt_5_6_luna_r2,codex_gpt_5_6_luna,2,codex,,16,16,0,0,0,False,,,,,
IWC,wf_011_bioproject_metadata_sequence_retrieval,galaxy_gpt_5_6_luna_r3,codex_gpt_5_6_luna,3,codex,,20,20,0,0,0,False,,,,,
IWC,wf_011_bioproject_metadata_sequence_retrieval,galaxy_gpt_5_6_sol_r1,codex_gpt_5_6_sol,1,codex,,17,17,0,0,0,False,,,,,
IWC,wf_011_bioproject_metadata_sequence_retrieval,galaxy_gpt_5_6_sol_r2,codex_gpt_5_6_sol,2,codex,,17,17,0,0,0,False,,,,,
IWC,wf_011_bioproject_metadata_sequence_retrieval,galaxy_gpt_5_6_sol_r3,codex_gpt_5_6_sol,3,codex,,16,16,0,0,0,False,,,,,
