#group	gene	max_sequence_gap_percent	treeness	rcv	treeness_rcv
fungi	1567796at2759	70.350877193	0.0809386761125	0.20589219576	0.393111918661
