{
  "or_bcg": 1.2141153218642096,
  "or_expect_interact": 0.6069254641816664,
  "pct_reduction_expect_interact": 39.307453581833364,
  "ordinal_success": true,
  "nll_bcg_model": 143.9003043140477,
  "nll_expect_model": 143.9003043140477
}
