{
  "gap_source": "maximum per-sequence gap percent in untrimmed .faa.mafft alignments",
  "rows": 349,
  "qualifying_max_sequence_gap_gt_70": 2,
  "local_best_for_qc": [
    "fungi",
    "1567796at2759",
    4,
    2280,
    50.30701754385965,
    70.35087719298245,
    2.2585,
    0.1828,
    0.08093867611246401,
    0.20589219575972298,
    0.3931119186611608,
    "1567796at2759.faa.mafft",
    "1567796at2759.faa.mafft.clipkit.iqtree"
  ]
}